1620445859437763756,sensor2,1,-148.99908,-39.39022,0.00049,17.35912,0.00027,3.04511,-1.57077,1e-05
1620445859452919402,sensor2,1,-148.99908,-39.39022,0.00049,17.35912,0.00027,3.04511,-1.57077,1e-05
1620445859468869524,sensor2,1,-148.99908,-39.39022,0.00049,17.35912,0.00027,3.04511,-1.57077,1e-05
1620445859484669251,sensor2,1,-148.99908,-39.39022,0.00049,17.35912,0.00027,3.04511,-1.57077,1e-05
1620445859500708362,sensor2,1,-148.99908,-39.39022,0.00049,17.35912,0.00027,3.04511,-1.57077,1e-05
1620445859517831933,sensor2,1,-148.99902,-38.00372,0.00052,17.59817,0.00032,3.01597,-1.57076,1e-05
1620445859532749068,sensor2,1,-148.99902,-38.00372,0.00052,17.59817,0.00032,3.01597,-1.57076,1e-05
1620445859548733020,sensor2,1,-148.99902,-38.00372,0.00052,17.59817,0.00032,3.01597,-1.57076,1e-05
1620445859564946184,sensor2,1,-148.99902,-38.00372,0.00052,17.59817,0.00032,3.01597,-1.57076,1e-05
1620445859580656341,sensor2,1,-148.99902,-38.00372,0.00052,17.59817,0.00032,3.01597,-1.57076,1e-05
1620445859597284557,sensor1,1,-148.99902,-36.58278,0.00055,17.83707,0.00038,2.98127,-1.57076,1e-05
1620445859598855725,sensor2,1,-148.99902,-36.58278,0.00055,17.83707,0.00038,2.98127,-1.57076,1e-05
1620445859613028150,sensor1,1,-148.99902,-36.58278,0.00055,17.83707,0.00038,2.98127,-1.57076,1e-05
1620445859614227513,sensor2,1,-148.99902,-36.58278,0.00055,17.83707,0.00038,2.98127,-1.57076,1e-05
1620445859628836155,sensor1,1,-148.99902,-36.58278,0.00055,17.83707,0.00038,2.98127,-1.57076,1e-05
1620445859630301435,sensor2,1,-148.99902,-36.58278,0.00055,17.83707,0.00038,2.98127,-1.57076,1e-05
1620445859644591302,sensor1,1,-148.99902,-36.58278,0.00055,17.83707,0.00038,2.98127,-1.57076,1e-05
1620445859645430826,sensor2,1,-148.99902,-36.58278,0.00055,17.83707,0.00038,2.98127,-1.57076,1e-05
1620445859664441337,sensor1,1,-148.99902,-36.58278,0.00055,17.83707,0.00038,2.98127,-1.57076,1e-05
1620445859665257601,sensor2,1,-148.99902,-36.58278,0.00055,17.83707,0.00038,2.98127,-1.57076,1e-05
1620445859676467059,sensor1,1,-148.99902,-36.58278,0.00055,17.83707,0.00038,2.98127,-1.57076,1e-05
1620445859677266018,sensor2,1,-148.99902,-36.58278,0.00055,17.83707,0.00038,2.98127,-1.57076,1e-05
1620445859693155125,sensor1,1,-148.99895,-35.1739,0.00057,18.06766,0.00035,2.94181,-1.57076,1e-05
1620445859694427648,sensor2,1,-148.99895,-35.1739,0.00057,18.06766,0.00035,2.94181,-1.57076,1e-05
1620445859708774113,sensor1,1,-148.99895,-35.1739,0.00057,18.06766,0.00035,2.94181,-1.57076,1e-05
1620445859709973824,sensor2,1,-148.99895,-35.1739,0.00057,18.06766,0.00035,2.94181,-1.57076,1e-05
1620445859724733659,sensor1,1,-148.99895,-35.1739,0.00057,18.06766,0.00035,2.94181,-1.57076,1e-05
1620445859725530487,sensor2,1,-148.99895,-35.1739,0.00057,18.06766,0.00035,2.94181,-1.57076,1e-05
1620445859746030070,sensor1,1,-148.99895,-35.1739,0.00057,18.06766,0.00035,2.94181,-1.57076,1e-05
1620445859746816528,sensor2,1,-148.99895,-35.1739,0.00057,18.06766,0.00035,2.94181,-1.57076,1e-05
1620445859757563976,sensor1,1,-148.99895,-35.1739,0.00057,18.06766,0.00035,2.94181,-1.57076,1e-05
1620445859758266146,sensor2,1,-148.99895,-35.1739,0.00057,18.06766,0.00035,2.94181,-1.57076,1e-05
1620445859773684962,sensor1,1,-148.99886,-33.51938,0.0006,18.33202,0.00034,2.91113,-1.57076,1e-05
1620445859774641765,sensor2,1,-148.99886,-33.51938,0.0006,18.33202,0.00034,2.91113,-1.57076,1e-05
1620445859789700703,sensor1,1,-148.99886,-33.51938,0.0006,18.33202,0.00034,2.91113,-1.57076,1e-05
1620445859790540899,sensor2,1,-148.99886,-33.51938,0.0006,18.33202,0.00034,2.91113,-1.57076,1e-05
1620445859805625008,sensor1,1,-148.99886,-33.51938,0.0006,18.33202,0.00034,2.91113,-1.57076,1e-05
1620445859806463243,sensor2,1,-148.99886,-33.51938,0.0006,18.33202,0.00034,2.91113,-1.57076,1e-05
1620445859825195322,sensor1,1,-148.99886,-33.51938,0.0006,18.33202,0.00034,2.91113,-1.57076,1e-05
1620445859826028837,sensor2,1,-148.99886,-33.51938,0.0006,18.33202,0.00034,2.91113,-1.57076,1e-05
1620445859837559947,sensor1,1,-148.99886,-33.51938,0.0006,18.33202,0.00034,2.91113,-1.57076,1e-05
1620445859838353155,sensor2,1,-148.99886,-33.51938,0.0006,18.33202,0.00034,2.91113,-1.57076,1e-05
1620445859853627350,sensor1,1,-148.99876,-32.03742,0.00063,18.5635,0.00034,2.88361,-1.57076,1e-05
1620445859854511721,sensor2,1,-148.99876,-32.03742,0.00063,18.5635,0.00034,2.88361,-1.57076,1e-05
1620445859869573566,sensor1,1,-148.99876,-32.03742,0.00063,18.5635,0.00034,2.88361,-1.57076,1e-05
1620445859870343840,sensor2,1,-148.99876,-32.03742,0.00063,18.5635,0.00034,2.88361,-1.57076,1e-05
1620445859885528545,sensor1,1,-148.99876,-32.03742,0.00063,18.5635,0.00034,2.88361,-1.57076,1e-05
1620445859886288888,sensor2,1,-148.99876,-32.03742,0.00063,18.5635,0.00034,2.88361,-1.57076,1e-05
1620445859908103964,sensor1,1,-148.99876,-32.03742,0.00063,18.5635,0.00034,2.88361,-1.57076,1e-05
1620445859909070572,sensor2,1,-148.99876,-32.03742,0.00063,18.5635,0.00034,2.88361,-1.57076,1e-05
1620445859918426110,sensor1,1,-148.98552,-30.59894,0.41725,18.74381,5.40658,2.33984,-1.55918,0.27527
1620445859920092103,sensor2,1,-148.98552,-30.59894,0.41725,18.74381,5.40658,2.33984,-1.55918,0.27527
1620445859933700346,sensor1,1,-148.98552,-30.59894,0.41725,18.74381,5.40658,2.33984,-1.55918,0.27527
1620445859934586857,sensor2,1,-148.98552,-30.59894,0.41725,18.74381,5.40658,2.33984,-1.55918,0.27527
1620445859949513481,sensor1,1,-148.98552,-30.59894,0.41725,18.74381,5.40658,2.33984,-1.55918,0.27527
1620445859950268071,sensor2,1,-148.98552,-30.59894,0.41725,18.74381,5.40658,2.33984,-1.55918,0.27527
1620445859965562058,sensor1,1,-148.98552,-30.59894,0.41725,18.74381,5.40658,2.33984,-1.55918,0.27527
1620445859966354794,sensor2,1,-148.98552,-30.59894,0.41725,18.74381,5.40658,2.33984,-1.55918,0.27527
1620445859987324593,sensor1,1,-148.98552,-30.59894,0.41725,18.74381,5.40658,2.33984,-1.55918,0.27527
1620445859988136021,sensor2,1,-148.98552,-30.59894,0.41725,18.74381,5.40658,2.33984,-1.55918,0.27527
1620445859998527218,sensor1,1,-148.94347,-29.15448,0.89039,18.91314,6.17371,2.20953,-1.53022,0.43955
1620445860000374053,sensor2,1,-148.94347,-29.15448,0.89039,18.91314,6.17371,2.20953,-1.53022,0.43955
1620445860013479246,sensor1,1,-148.94347,-29.15448,0.89039,18.91314,6.17371,2.20953,-1.53022,0.43955
1620445860014262466,sensor2,1,-148.94347,-29.15448,0.89039,18.91314,6.17371,2.20953,-1.53022,0.43955
1620445860029524170,sensor1,1,-148.94347,-29.15448,0.89039,18.91314,6.17371,2.20953,-1.53022,0.43955
1620445860030329470,sensor2,1,-148.94347,-29.15448,0.89039,18.91314,6.17371,2.20953,-1.53022,0.43955
1620445860045754252,sensor1,1,-148.94347,-29.15448,0.89039,18.91314,6.17371,2.20953,-1.53022,0.43955
1620445860047260956,sensor2,1,-148.94347,-29.15448,0.89039,18.91314,6.17371,2.20953,-1.53022,0.43955
1620445860061523654,sensor1,1,-148.94347,-29.15448,0.89039,18.91314,6.17371,2.20953,-1.53022,0.43955
1620445860062339797,sensor2,1,-148.94347,-29.15448,0.89039,18.91314,6.17371,2.20953,-1.53022,0.43955
1620445860077855879,sensor1,1,-148.8788,-27.66776,0.97808,19.12843,1.12353,2.75837,-1.5064,0.21224
1620445860078818705,sensor2,1,-148.8788,-27.66776,0.97808,19.12843,1.12353,2.75837,-1.5064,0.21224
1620445860093516186,sensor1,1,-148.8788,-27.66776,0.97808,19.12843,1.12353,2.75837,-1.5064,0.21224
1620445860094290673,sensor2,1,-148.8788,-27.66776,0.97808,19.12843,1.12353,2.75837,-1.5064,0.21224
1620445860109526316,sensor1,1,-148.8788,-27.66776,0.97808,19.12843,1.12353,2.75837,-1.5064,0.21224
1620445860110324315,sensor2,1,-148.8788,-27.66776,0.97808,19.12843,1.12353,2.75837,-1.5064,0.21224
1620445860126232415,sensor1,1,-148.8788,-27.66776,0.97808,19.12843,1.12353,2.75837,-1.5064,0.21224
1620445860130920938,sensor2,1,-148.8788,-27.66776,0.97808,19.12843,1.12353,2.75837,-1.5064,0.21224
1620445860141527207,sensor1,1,-148.8788,-27.66776,0.97808,19.12843,1.12353,2.75837,-1.5064,0.21224
1620445860142356585,sensor2,1,-148.8788,-27.66776,0.97808,19.12843,1.12353,2.75837,-1.5064,0.21224
1620445860157640026,sensor1,1,-148.79955,-26.1832,1.15801,19.33429,2.33202,2.66809,-1.49553,0.09851
1620445860158544580,sensor2,1,-148.79955,-26.1832,1.15801,19.33429,2.33202,2.66809,-1.49553,0.09851
1620445860173555662,sensor1,1,-148.79955,-26.1832,1.15801,19.33429,2.33202,2.66809,-1.49553,0.09851
1620445860174385831,sensor2,1,-148.79955,-26.1832,1.15801,19.33429,2.33202,2.66809,-1.49553,0.09851
1620445860189511710,sensor1,1,-148.79955,-26.1832,1.15801,19.33429,2.33202,2.66809,-1.49553,0.09851
1620445860190283572,sensor2,1,-148.79955,-26.1832,1.15801,19.33429,2.33202,2.66809,-1.49553,0.09851
1620445860209352253,sensor1,1,-148.79955,-26.1832,1.15801,19.33429,2.33202,2.66809,-1.49553,0.09851
1620445860210324893,sensor2,1,-148.79955,-26.1832,1.15801,19.33429,2.33202,2.66809,-1.49553,0.09851
1620445860221583935,sensor1,1,-148.79955,-26.1832,1.15801,19.33429,2.33202,2.66809,-1.49553,0.09851
1620445860222368443,sensor2,1,-148.79955,-26.1832,1.15801,19.33429,2.33202,2.66809,-1.49553,0.09851
1620445860237728778,sensor1,1,-148.70436,-24.68718,1.32597,19.53772,2.18286,2.64391,-1.4903,0.05111
1620445860238550298,sensor2,1,-148.70436,-24.68718,1.32597,19.53772,2.18286,2.64391,-1.4903,0.05111
1620445860253704533,sensor1,1,-148.70436,-24.68718,1.32597,19.53772,2.18286,2.64391,-1.4903,0.05111
1620445860254849667,sensor2,1,-148.70436,-24.68718,1.32597,19.53772,2.18286,2.64391,-1.4903,0.05111
1620445860268671147,sensor1,1,-148.70436,-24.68718,1.32597,19.53772,2.18286,2.64391,-1.4903,0.05111
1620445860269462854,sensor2,1,-148.70436,-24.68718,1.32597,19.53772,2.18286,2.64391,-1.4903,0.05111
1620445860288420679,sensor1,1,-148.70436,-24.68718,1.32597,19.53772,2.18286,2.64391,-1.4903,0.05111
1620445860289260741,sensor2,1,-148.70436,-24.68718,1.32597,19.53772,2.18286,2.64391,-1.4903,0.05111
1620445860300540001,sensor1,1,-148.70436,-24.68718,1.32597,19.53772,2.18286,2.64391,-1.4903,0.05111
1620445860301454420,sensor2,1,-148.70436,-24.68718,1.32597,19.53772,2.18286,2.64391,-1.4903,0.05111
1620445860317091587,sensor1,1,-148.59393,-23.13986,1.46584,19.74642,1.77732,2.65184,-1.48761,0.02485
1620445860318378418,sensor2,1,-148.59393,-23.13986,1.46584,19.74642,1.77732,2.65184,-1.48761,0.02485
1620445860332934408,sensor1,1,-148.59393,-23.13986,1.46584,19.74642,1.77732,2.65184,-1.48761,0.02485
1620445860334086440,sensor2,1,-148.59393,-23.13986,1.46584,19.74642,1.77732,2.65184,-1.48761,0.02485
1620445860348755776,sensor1,1,-148.59393,-23.13986,1.46584,19.74642,1.77732,2.65184,-1.48761,0.02485
1620445860349589671,sensor2,1,-148.59393,-23.13986,1.46584,19.74642,1.77732,2.65184,-1.48761,0.02485
1620445860364514388,sensor1,1,-148.59393,-23.13986,1.46584,19.74642,1.77732,2.65184,-1.48761,0.02485
1620445860365329232,sensor2,1,-148.59393,-23.13986,1.46584,19.74642,1.77732,2.65184,-1.48761,0.02485
1620445860380601072,sensor1,1,-148.59393,-23.13986,1.46584,19.74642,1.77732,2.65184,-1.48761,0.02485
1620445860381582124,sensor2,1,-148.59393,-23.13986,1.46584,19.74642,1.77732,2.65184,-1.48761,0.02485
1620445860396532536,sensor1,1,-148.59393,-23.13986,1.46584,19.74642,1.77732,2.65184,-1.48761,0.02485
1620445860397424458,sensor2,1,-148.59393,-23.13986,1.46584,19.74642,1.77732,2.65184,-1.48761,0.02485
1620445860412750666,sensor1,1,-148.46986,-21.5238,1.5726,19.96557,1.31264,2.69467,-1.4863,0.01099
1620445860413613785,sensor2,1,-148.46986,-21.5238,1.5726,19.96557,1.31264,2.69467,-1.4863,0.01099
1620445860428913623,sensor1,1,-148.46986,-21.5238,1.5726,19.96557,1.31264,2.69467,-1.4863,0.01099
1620445860429834966,sensor2,1,-148.46986,-21.5238,1.5726,19.96557,1.31264,2.69467,-1.4863,0.01099
1620445860444549225,sensor1,1,-148.46986,-21.5238,1.5726,19.96557,1.31264,2.69467,-1.4863,0.01099
1620445860445353674,sensor2,1,-148.46986,-21.5238,1.5726,19.96557,1.31264,2.69467,-1.4863,0.01099
1620445860464156526,sensor1,1,-148.46986,-21.5238,1.5726,19.96557,1.31264,2.69467,-1.4863,0.01099
1620445860464970642,sensor2,1,-148.46986,-21.5238,1.5726,19.96557,1.31264,2.69467,-1.4863,0.01099
1620445860477405468,sensor1,1,-148.32411,-19.71225,1.65591,20.20956,0.92435,2.7072,-1.48566,0.00463
1620445860478908988,sensor2,1,-148.32411,-19.71225,1.65591,20.20956,0.92435,2.7072,-1.48566,0.00463
1620445860492687956,sensor1,1,-148.32411,-19.71225,1.65591,20.20956,0.92435,2.7072,-1.48566,0.00463
1620445860493494511,sensor2,1,-148.32411,-19.71225,1.65591,20.20956,0.92435,2.7072,-1.48566,0.00463
1620445860508594573,sensor1,1,-148.32411,-19.71225,1.65591,20.20956,0.92435,2.7072,-1.48566,0.00463
1620445860509873834,sensor2,1,-148.32411,-19.71225,1.65591,20.20956,0.92435,2.7072,-1.48566,0.00463
1620445860524764719,sensor1,1,-148.32411,-19.71225,1.65591,20.20956,0.92435,2.7072,-1.48566,0.00463
1620445860525741451,sensor2,1,-148.32411,-19.71225,1.65591,20.20956,0.92435,2.7072,-1.48566,0.00463
1620445860541430151,sensor1,1,-148.32411,-19.71225,1.65591,20.20956,0.92435,2.7072,-1.48566,0.00463
1620445860546721400,sensor2,1,-148.32411,-19.71225,1.65591,20.20956,0.92435,2.7072,-1.48566,0.00463
1620445860556580541,sensor1,1,-148.32411,-19.71225,1.65591,20.20956,0.92435,2.7072,-1.48566,0.00463
1620445860557556625,sensor2,1,-148.32411,-19.71225,1.65591,20.20956,0.92435,2.7072,-1.48566,0.00463
1620445860573538457,sensor1,1,-148.19478,-18.14952,1.70561,20.41793,0.64652,2.71034,-1.48542,0.00226
1620445860576629902,sensor2,1,-148.19478,-18.14952,1.70561,20.41793,0.64652,2.71034,-1.48542,0.00226
1620445860588693214,sensor1,1,-148.19478,-18.14952,1.70561,20.41793,0.64652,2.71034,-1.48542,0.00226
1620445860589478366,sensor2,1,-148.19478,-18.14952,1.70561,20.41793,0.64652,2.71034,-1.48542,0.00226
1620445860604705352,sensor1,1,-148.19478,-18.14952,1.70561,20.41793,0.64652,2.71034,-1.48542,0.00226
1620445860605558595,sensor2,1,-148.19478,-18.14952,1.70561,20.41793,0.64652,2.71034,-1.48542,0.00226
1620445860620603073,sensor1,1,-148.19478,-18.14952,1.70561,20.41793,0.64652,2.71034,-1.48542,0.00226
1620445860621384371,sensor2,1,-148.19478,-18.14952,1.70561,20.41793,0.64652,2.71034,-1.48542,0.00226
1620445860640096573,sensor1,1,-148.19478,-18.14952,1.70561,20.41793,0.64652,2.71034,-1.48542,0.00226
1620445860640901911,sensor2,1,-148.19478,-18.14952,1.70561,20.41793,0.64652,2.71034,-1.48542,0.00226
1620445860653263830,sensor1,1,-148.03027,-16.19361,1.7503,20.67526,0.46974,2.70497,-1.48528,0.00095
1620445860655573339,sensor2,1,-148.03027,-16.19361,1.7503,20.67526,0.46974,2.70497,-1.48528,0.00095
1620445860668734750,sensor1,1,-148.03027,-16.19361,1.7503,20.67526,0.46974,2.70497,-1.48528,0.00095
1620445860669540671,sensor2,1,-148.03027,-16.19361,1.7503,20.67526,0.46974,2.70497,-1.48528,0.00095
1620445860684755528,sensor1,1,-148.03027,-16.19361,1.7503,20.67526,0.46974,2.70497,-1.48528,0.00095
1620445860685623410,sensor2,1,-148.03027,-16.19361,1.7503,20.67526,0.46974,2.70497,-1.48528,0.00095
1620445860700510464,sensor1,1,-148.03027,-16.19361,1.7503,20.67526,0.46974,2.70497,-1.48528,0.00095
1620445860701342017,sensor2,1,-148.03027,-16.19361,1.7503,20.67526,0.46974,2.70497,-1.48528,0.00095
1620445860720350001,sensor1,1,-148.03027,-16.19361,1.7503,20.67526,0.46974,2.70497,-1.48528,0.00095
1620445860721156053,sensor2,1,-148.03027,-16.19361,1.7503,20.67526,0.46974,2.70497,-1.48528,0.00095
1620445860733485651,sensor1,1,-147.89058,-14.54808,1.77902,20.88849,0.36299,2.69466,-1.48523,0.00047
1620445860735800109,sensor2,1,-147.89058,-14.54808,1.77902,20.88849,0.36299,2.69466,-1.48523,0.00047
1620445860749946312,sensor1,1,-147.89058,-14.54808,1.77902,20.88849,0.36299,2.69466,-1.48523,0.00047
1620445860751185220,sensor2,1,-147.89058,-14.54808,1.77902,20.88849,0.36299,2.69466,-1.48523,0.00047
1620445860765718080,sensor1,1,-147.89058,-14.54808,1.77902,20.88849,0.36299,2.69466,-1.48523,0.00047
1620445860767109309,sensor2,1,-147.89058,-14.54808,1.77902,20.88849,0.36299,2.69466,-1.48523,0.00047
1620445860781628681,sensor1,1,-147.89058,-14.54808,1.77902,20.88849,0.36299,2.69466,-1.48523,0.00047
1620445860782460626,sensor2,1,-147.89058,-14.54808,1.77902,20.88849,0.36299,2.69466,-1.48523,0.00047
1620445860803715577,sensor1,1,-147.89058,-14.54808,1.77902,20.88849,0.36299,2.69466,-1.48523,0.00047
1620445860804555548,sensor2,1,-147.89058,-14.54808,1.77902,20.88849,0.36299,2.69466,-1.48523,0.00047
1620445860813527594,sensor1,1,-147.89058,-14.54808,1.77902,20.88849,0.36299,2.69466,-1.48523,0.00047
1620445860814331292,sensor2,1,-147.89058,-14.54808,1.77902,20.88849,0.36299,2.69466,-1.48523,0.00047
1620445860829655511,sensor1,1,-147.74716,-12.86677,1.80351,21.10318,0.30602,2.68256,-1.4852,0.00024
1620445860830684237,sensor2,1,-147.74716,-12.86677,1.80351,21.10318,0.30602,2.68256,-1.4852,0.00024
1620445860845553416,sensor1,1,-147.74716,-12.86677,1.80351,21.10318,0.30602,2.68256,-1.4852,0.00024
1620445860846385519,sensor2,1,-147.74716,-12.86677,1.80351,21.10318,0.30602,2.68256,-1.4852,0.00024
1620445860861756598,sensor1,1,-147.74716,-12.86677,1.80351,21.10318,0.30602,2.68256,-1.4852,0.00024
1620445860862581436,sensor2,1,-147.74716,-12.86677,1.80351,21.10318,0.30602,2.68256,-1.4852,0.00024
1620445860877730866,sensor1,1,-147.74716,-12.86677,1.80351,21.10318,0.30602,2.68256,-1.4852,0.00024
1620445860878569897,sensor2,1,-147.74716,-12.86677,1.80351,21.10318,0.30602,2.68256,-1.4852,0.00024
1620445860893521043,sensor1,1,-147.74716,-12.86677,1.80351,21.10318,0.30602,2.68256,-1.4852,0.00024
1620445860894325000,sensor2,1,-147.74716,-12.86677,1.80351,21.10318,0.30602,2.68256,-1.4852,0.00024
1620445860910659849,sensor1,1,-147.58113,-10.9259,1.82827,21.34704,0.27086,2.6684,-1.48519,0.00011
1620445860912471449,sensor2,1,-147.58113,-10.9259,1.82827,21.34704,0.27086,2.6684,-1.48519,0.00011
1620445860925525048,sensor1,1,-147.58113,-10.9259,1.82827,21.34704,0.27086,2.6684,-1.48519,0.00011
1620445860926336759,sensor2,1,-147.58113,-10.9259,1.82827,21.34704,0.27086,2.6684,-1.48519,0.00011
1620445860941537267,sensor1,1,-147.58113,-10.9259,1.82827,21.34704,0.27086,2.6684,-1.48519,0.00011
1620445860942378779,sensor2,1,-147.58113,-10.9259,1.82827,21.34704,0.27086,2.6684,-1.48519,0.00011
1620445860957525780,sensor1,1,-147.58113,-10.9259,1.82827,21.34704,0.27086,2.6684,-1.48519,0.00011
1620445860958333338,sensor2,1,-147.58113,-10.9259,1.82827,21.34704,0.27086,2.6684,-1.48519,0.00011
1620445860973559823,sensor1,1,-147.58113,-10.9259,1.82827,21.34704,0.27086,2.6684,-1.48519,0.00011
1620445860974448070,sensor2,1,-147.58113,-10.9259,1.82827,21.34704,0.27086,2.6684,-1.48519,0.00011
1620445860990736111,sensor1,1,-147.42508,-9.10471,1.84947,21.57205,0.24998,2.6529,-1.48518,6e-05
1620445860992160364,sensor2,1,-147.42508,-9.10471,1.84947,21.57205,0.24998,2.6529,-1.48518,6e-05
1620445861005591954,sensor1,1,-147.42508,-9.10471,1.84947,21.57205,0.24998,2.6529,-1.48518,6e-05
1620445861006541649,sensor2,1,-147.42508,-9.10471,1.84947,21.57205,0.24998,2.6529,-1.48518,6e-05
1620445861021529710,sensor1,1,-147.42508,-9.10471,1.84947,21.57205,0.24998,2.6529,-1.48518,6e-05
1620445861022376348,sensor2,1,-147.42508,-9.10471,1.84947,21.57205,0.24998,2.6529,-1.48518,6e-05
1620445861037679080,sensor1,1,-147.42508,-9.10471,1.84947,21.57205,0.24998,2.6529,-1.48518,6e-05
1620445861038770301,sensor2,1,-147.42508,-9.10471,1.84947,21.57205,0.24998,2.6529,-1.48518,6e-05
1620445861053539919,sensor1,1,-147.42508,-9.10471,1.84947,21.57205,0.24998,2.6529,-1.48518,6e-05
1620445861054352269,sensor2,1,-147.42508,-9.10471,1.84947,21.57205,0.24998,2.6529,-1.48518,6e-05
1620445861070103904,sensor1,1,-147.27438,-7.3471,1.8688,21.78583,0.23863,2.63828,-1.48518,4e-05
1620445861072322579,sensor2,1,-147.27438,-7.3471,1.8688,21.78583,0.23863,2.63828,-1.48518,4e-05
1620445861085672695,sensor1,1,-147.27438,-7.3471,1.8688,21.78583,0.23863,2.63828,-1.48518,4e-05
1620445861086829532,sensor2,1,-147.27438,-7.3471,1.8688,21.78583,0.23863,2.63828,-1.48518,4e-05
1620445861101554156,sensor1,1,-147.27438,-7.3471,1.8688,21.78583,0.23863,2.63828,-1.48518,4e-05
1620445861102393445,sensor2,1,-147.27438,-7.3471,1.8688,21.78583,0.23863,2.63828,-1.48518,4e-05
1620445861117583997,sensor1,1,-147.27438,-7.3471,1.8688,21.78583,0.23863,2.63828,-1.48518,4e-05
1620445861118387092,sensor2,1,-147.27438,-7.3471,1.8688,21.78583,0.23863,2.63828,-1.48518,4e-05
1620445861137165661,sensor1,1,-147.27438,-7.3471,1.8688,21.78583,0.23863,2.63828,-1.48518,4e-05
1620445861138032613,sensor2,1,-147.27438,-7.3471,1.8688,21.78583,0.23863,2.63828,-1.48518,4e-05
1620445861149802300,sensor1,1,-147.12155,-5.5655,1.88767,21.99927,0.232,2.62418,-1.48517,3e-05
1620445861151829432,sensor2,1,-147.12155,-5.5655,1.88767,21.99927,0.232,2.62418,-1.48517,3e-05
1620445861165695463,sensor1,1,-147.12155,-5.5655,1.88767,21.99927,0.232,2.62418,-1.48517,3e-05
1620445861166850668,sensor2,1,-147.12155,-5.5655,1.88767,21.99927,0.232,2.62418,-1.48517,3e-05
1620445861181999464,sensor1,1,-147.12155,-5.5655,1.88767,21.99927,0.232,2.62418,-1.48517,3e-05
1620445861183128167,sensor2,1,-147.12155,-5.5655,1.88767,21.99927,0.232,2.62418,-1.48517,3e-05
1620445861197906845,sensor1,1,-147.12155,-5.5655,1.88767,21.99927,0.232,2.62418,-1.48517,3e-05
1620445861198978282,sensor2,1,-147.12155,-5.5655,1.88767,21.99927,0.232,2.62418,-1.48517,3e-05
1620445861213996393,sensor1,1,-147.12155,-5.5655,1.88767,21.99927,0.232,2.62418,-1.48517,3e-05
1620445861215105534,sensor2,1,-147.12155,-5.5655,1.88767,21.99927,0.232,2.62418,-1.48517,3e-05
1620445861229884417,sensor1,1,-147.12155,-5.5655,1.88767,21.99927,0.232,2.62418,-1.48517,3e-05
1620445861230973919,sensor2,1,-147.12155,-5.5655,1.88767,21.99927,0.232,2.62418,-1.48517,3e-05
1620445861245626241,sensor1,1,-146.96944,-3.7928,1.90593,22.2085,0.22777,2.61032,-1.48517,2e-05
1620445861246618870,sensor2,1,-146.96944,-3.7928,1.90593,22.2085,0.22777,2.61032,-1.48517,2e-05
1620445861261241641,sensor1,1,-146.96944,-3.7928,1.90593,22.2085,0.22777,2.61032,-1.48517,2e-05
1620445861262535068,sensor2,1,-146.96944,-3.7928,1.90593,22.2085,0.22777,2.61032,-1.48517,2e-05
1620445861276511059,sensor1,1,-146.96944,-3.7928,1.90593,22.2085,0.22777,2.61032,-1.48517,2e-05
1620445861277350071,sensor2,1,-146.96944,-3.7928,1.90593,22.2085,0.22777,2.61032,-1.48517,2e-05
1620445861298593654,sensor1,1,-146.96944,-3.7928,1.90593,22.2085,0.22777,2.61032,-1.48517,2e-05
1620445861299508232,sensor2,1,-146.96944,-3.7928,1.90593,22.2085,0.22777,2.61032,-1.48517,2e-05
1620445861308875692,sensor1,1,-146.96944,-3.7928,1.90593,22.2085,0.22777,2.61032,-1.48517,2e-05
1620445861309677586,sensor2,1,-146.96944,-3.7928,1.90593,22.2085,0.22777,2.61032,-1.48517,2e-05
1620445861325076827,sensor1,1,-146.8079,-1.9106,1.92489,22.42736,0.22493,2.59658,-1.48517,2e-05
1620445861326122515,sensor2,1,-146.8079,-1.9106,1.92489,22.42736,0.22493,2.59658,-1.48517,2e-05
1620445861340771591,sensor1,1,-146.8079,-1.9106,1.92489,22.42736,0.22493,2.59658,-1.48517,2e-05
1620445861341680871,sensor2,1,-146.8079,-1.9106,1.92489,22.42736,0.22493,2.59658,-1.48517,2e-05
1620445861356813259,sensor1,1,-146.8079,-1.9106,1.92489,22.42736,0.22493,2.59658,-1.48517,2e-05
1620445861357703582,sensor2,1,-146.8079,-1.9106,1.92489,22.42736,0.22493,2.59658,-1.48517,2e-05
1620445861379859562,sensor1,1,-146.8079,-1.9106,1.92489,22.42736,0.22493,2.59658,-1.48517,2e-05
1620445861380805652,sensor2,1,-146.8079,-1.9106,1.92489,22.42736,0.22493,2.59658,-1.48517,2e-05
1620445861388775860,sensor1,1,-146.8079,-1.9106,1.92489,22.42736,0.22493,2.59658,-1.48517,2e-05
1620445861389927757,sensor2,1,-146.8079,-1.9106,1.92489,22.42736,0.22493,2.59658,-1.48517,2e-05
1620445861405154958,sensor1,1,-146.64769,-0.04388,1.94334,22.6412,0.22285,2.58274,-1.48517,1e-05
1620445861406596481,sensor2,1,-146.64769,-0.04388,1.94334,22.6412,0.22285,2.58274,-1.48517,1e-05
1620445861420880361,sensor1,1,-146.64769,-0.04388,1.94334,22.6412,0.22285,2.58274,-1.48517,1e-05
1620445861421814039,sensor2,1,-146.64769,-0.04388,1.94334,22.6412,0.22285,2.58274,-1.48517,1e-05
1620445861436890710,sensor1,1,-146.64769,-0.04388,1.94334,22.6412,0.22285,2.58274,-1.48517,1e-05
1620445861437862227,sensor2,1,-146.64769,-0.04388,1.94334,22.6412,0.22285,2.58274,-1.48517,1e-05
1620445861453267544,sensor1,1,-146.64769,-0.04388,1.94334,22.6412,0.22285,2.58274,-1.48517,1e-05
1620445861454936153,sensor2,1,-146.64769,-0.04388,1.94334,22.6412,0.22285,2.58274,-1.48517,1e-05
1620445861468670237,sensor1,1,-146.64769,-0.04388,1.94334,22.6412,0.22285,2.58274,-1.48517,1e-05
1620445861469541718,sensor2,1,-146.64769,-0.04388,1.94334,22.6412,0.22285,2.58274,-1.48517,1e-05
1620445861485740697,sensor1,1,-146.48465,1.8556,1.96181,22.85559,0.22125,2.56889,-1.48517,1e-05
1620445861487249786,sensor2,1,-146.48465,1.8556,1.96181,22.85559,0.22125,2.56889,-1.48517,1e-05
1620445861500840244,sensor1,1,-146.48465,1.8556,1.96181,22.85559,0.22125,2.56889,-1.48517,1e-05
1620445861501796275,sensor2,1,-146.48465,1.8556,1.96181,22.85559,0.22125,2.56889,-1.48517,1e-05
1620445861516917584,sensor1,1,-146.48465,1.8556,1.96181,22.85559,0.22125,2.56889,-1.48517,1e-05
1620445861517861639,sensor2,1,-146.48465,1.8556,1.96181,22.85559,0.22125,2.56889,-1.48517,1e-05
1620445861532916944,sensor1,1,-146.48465,1.8556,1.96181,22.85559,0.22125,2.56889,-1.48517,1e-05
1620445861533832396,sensor2,1,-146.48465,1.8556,1.96181,22.85559,0.22125,2.56889,-1.48517,1e-05
1620445861548845230,sensor1,1,-146.48465,1.8556,1.96181,22.85559,0.22125,2.56889,-1.48517,1e-05
1620445861549800249,sensor2,1,-146.48465,1.8556,1.96181,22.85559,0.22125,2.56889,-1.48517,1e-05
1620445861564616442,sensor1,1,-146.48465,1.8556,1.96181,22.85559,0.22125,2.56889,-1.48517,1e-05
1620445861565522472,sensor2,1,-146.48465,1.8556,1.96181,22.85559,0.22125,2.56889,-1.48517,1e-05
1620445861580993044,sensor1,1,-146.34026,3.70592,1.53447,23.05747,-5.30384,2.50564,-1.49779,-0.29203
1620445861581915212,sensor2,1,-146.34026,3.70592,1.53447,23.05747,-5.30384,2.50564,-1.49779,-0.29203
1620445861596978452,sensor1,1,-146.34026,3.70592,1.53447,23.05747,-5.30384,2.50564,-1.49779,-0.29203
1620445861598151459,sensor2,1,-146.34026,3.70592,1.53447,23.05747,-5.30384,2.50564,-1.49779,-0.29203
1620445861612749208,sensor1,1,-146.34026,3.70592,1.53447,23.05747,-5.30384,2.50564,-1.49779,-0.29203
1620445861613672687,sensor2,1,-146.34026,3.70592,1.53447,23.05747,-5.30384,2.50564,-1.49779,-0.29203
1620445861632074571,sensor1,1,-146.34026,3.70592,1.53447,23.05747,-5.30384,2.50564,-1.49779,-0.29203
1620445861632939926,sensor2,1,-146.34026,3.70592,1.53447,23.05747,-5.30384,2.50564,-1.49779,-0.29203
1620445861644540415,sensor1,1,-146.34026,3.70592,1.53447,23.05747,-5.30384,2.50564,-1.49779,-0.29203
1620445861645350069,sensor2,1,-146.34026,3.70592,1.53447,23.05747,-5.30384,2.50564,-1.49779,-0.29203
1620445861660850221,sensor1,1,-146.19922,5.76235,1.4951,23.28777,-0.44378,2.59602,-1.51651,-0.14767
1620445861662040320,sensor2,1,-146.19922,5.76235,1.4951,23.28777,-0.44378,2.59602,-1.51651,-0.14767
1620445861677113703,sensor1,1,-146.19922,5.76235,1.4951,23.28777,-0.44378,2.59602,-1.51651,-0.14767
1620445861678525816,sensor2,1,-146.19922,5.76235,1.4951,23.28777,-0.44378,2.59602,-1.51651,-0.14767
1620445861692608364,sensor1,1,-146.19922,5.76235,1.4951,23.28777,-0.44378,2.59602,-1.51651,-0.14767
1620445861693679495,sensor2,1,-146.19922,5.76235,1.4951,23.28777,-0.44378,2.59602,-1.51651,-0.14767
1620445861712100815,sensor1,1,-146.19922,5.76235,1.4951,23.28777,-0.44378,2.59602,-1.51651,-0.14767
1620445861712852244,sensor2,1,-146.19922,5.76235,1.4951,23.28777,-0.44378,2.59602,-1.51651,-0.14767
1620445861724705256,sensor1,1,-146.19922,5.76235,1.4951,23.28777,-0.44378,2.59602,-1.51651,-0.14767
1620445861725672554,sensor2,1,-146.19922,5.76235,1.4951,23.28777,-0.44378,2.59602,-1.51651,-0.14767
1620445861741069490,sensor1,1,-146.08295,7.6209,1.37294,23.49649,-1.53824,2.6282,-1.52475,-0.07646
1620445861742256338,sensor2,1,-146.08295,7.6209,1.37294,23.49649,-1.53824,2.6282,-1.52475,-0.07646
1620445861757583019,sensor1,1,-146.08295,7.6209,1.37294,23.49649,-1.53824,2.6282,-1.52475,-0.07646
1620445861758348128,sensor2,1,-146.08295,7.6209,1.37294,23.49649,-1.53824,2.6282,-1.52475,-0.07646
1620445861773501640,sensor1,1,-146.08295,7.6209,1.37294,23.49649,-1.53824,2.6282,-1.52475,-0.07646
1620445861774238486,sensor2,1,-146.08295,7.6209,1.37294,23.49649,-1.53824,2.6282,-1.52475,-0.07646
1620445861789618167,sensor1,1,-146.08295,7.6209,1.37294,23.49649,-1.53824,2.6282,-1.52475,-0.07646
1620445861790445387,sensor2,1,-146.08295,7.6209,1.37294,23.49649,-1.53824,2.6282,-1.52475,-0.07646
1620445861812083037,sensor1,1,-146.08295,7.6209,1.37294,23.49649,-1.53824,2.6282,-1.52475,-0.07646
1620445861812890772,sensor2,1,-146.08295,7.6209,1.37294,23.49649,-1.53824,2.6282,-1.52475,-0.07646
1620445861823089486,sensor1,1,-145.97142,9.62613,1.23743,23.7181,-1.59621,2.61028,-1.52925,-0.03818
1620445861824684060,sensor2,1,-145.97142,9.62613,1.23743,23.7181,-1.59621,2.61028,-1.52925,-0.03818
1620445861837742599,sensor1,1,-145.97142,9.62613,1.23743,23.7181,-1.59621,2.61028,-1.52925,-0.03818
1620445861838842773,sensor2,1,-145.97142,9.62613,1.23743,23.7181,-1.59621,2.61028,-1.52925,-0.03818
1620445861853874429,sensor1,1,-145.97142,9.62613,1.23743,23.7181,-1.59621,2.61028,-1.52925,-0.03818
1620445861854841908,sensor2,1,-145.97142,9.62613,1.23743,23.7181,-1.59621,2.61028,-1.52925,-0.03818
1620445861869570673,sensor1,1,-145.97142,9.62613,1.23743,23.7181,-1.59621,2.61028,-1.52925,-0.03818
1620445861870388364,sensor2,1,-145.97142,9.62613,1.23743,23.7181,-1.59621,2.61028,-1.52925,-0.03818
1620445861889161603,sensor1,1,-145.97142,9.62613,1.23743,23.7181,-1.59621,2.61028,-1.52925,-0.03818
1620445861890346200,sensor2,1,-145.97142,9.62613,1.23743,23.7181,-1.59621,2.61028,-1.52925,-0.03818
1620445861901708319,sensor1,1,-145.97142,9.62613,1.23743,23.7181,-1.59621,2.61028,-1.52925,-0.03818
1620445861902928848,sensor2,1,-145.97142,9.62613,1.23743,23.7181,-1.59621,2.61028,-1.52925,-0.03818
1620445861917989133,sensor1,1,-145.86903,11.68945,1.12779,23.94161,-1.26688,2.58271,-1.53153,-0.0189
1620445861919486198,sensor2,1,-145.86903,11.68945,1.12779,23.94161,-1.26688,2.58271,-1.53153,-0.0189
1620445861933781852,sensor1,1,-145.86903,11.68945,1.12779,23.94161,-1.26688,2.58271,-1.53153,-0.0189
1620445861935048874,sensor2,1,-145.86903,11.68945,1.12779,23.94161,-1.26688,2.58271,-1.53153,-0.0189
1620445861949651349,sensor1,1,-145.86903,11.68945,1.12779,23.94161,-1.26688,2.58271,-1.53153,-0.0189
1620445861950462060,sensor2,1,-145.86903,11.68945,1.12779,23.94161,-1.26688,2.58271,-1.53153,-0.0189
1620445861966330036,sensor1,1,-145.86903,11.68945,1.12779,23.94161,-1.26688,2.58271,-1.53153,-0.0189
1620445861971540643,sensor2,1,-145.86903,11.68945,1.12779,23.94161,-1.26688,2.58271,-1.53153,-0.0189
1620445861981581552,sensor1,1,-145.86903,11.68945,1.12779,23.94161,-1.26688,2.58271,-1.53153,-0.0189
1620445861982425455,sensor2,1,-145.86903,11.68945,1.12779,23.94161,-1.26688,2.58271,-1.53153,-0.0189
1620445861998607788,sensor1,1,-145.79335,13.70288,0.59496,24.12564,-6.36308,2.19777,-1.54615,-0.30858
1620445862000472080,sensor2,1,-145.79335,13.70288,0.59496,24.12564,-6.36308,2.19777,-1.54615,-0.30858
1620445862013510779,sensor1,1,-145.79335,13.70288,0.59496,24.12564,-6.36308,2.19777,-1.54615,-0.30858
1620445862014353216,sensor2,1,-145.79335,13.70288,0.59496,24.12564,-6.36308,2.19777,-1.54615,-0.30858
1620445862029507016,sensor1,1,-145.79335,13.70288,0.59496,24.12564,-6.36308,2.19777,-1.54615,-0.30858
1620445862030376351,sensor2,1,-145.79335,13.70288,0.59496,24.12564,-6.36308,2.19777,-1.54615,-0.30858
1620445862045552027,sensor1,1,-145.79335,13.70288,0.59496,24.12564,-6.36308,2.19777,-1.54615,-0.30858
1620445862046393237,sensor2,1,-145.79335,13.70288,0.59496,24.12564,-6.36308,2.19777,-1.54615,-0.30858
1620445862061523848,sensor1,1,-145.79335,13.70288,0.59496,24.12564,-6.36308,2.19777,-1.54615,-0.30858
1620445862062312296,sensor2,1,-145.79335,13.70288,0.59496,24.12564,-6.36308,2.19777,-1.54615,-0.30858
1620445862078902314,sensor1,1,-145.73886,15.88546,0.46573,24.35356,-1.43583,2.53227,-1.56654,-0.16042
1620445862080353879,sensor2,1,-145.73886,15.88546,0.46573,24.35356,-1.43583,2.53227,-1.56654,-0.16042
1620445862093578244,sensor1,1,-145.73886,15.88546,0.46573,24.35356,-1.43583,2.53227,-1.56654,-0.16042
1620445862094487182,sensor2,1,-145.73886,15.88546,0.46573,24.35356,-1.43583,2.53227,-1.56654,-0.16042
1620445862109538411,sensor1,1,-145.73886,15.88546,0.46573,24.35356,-1.43583,2.53227,-1.56654,-0.16042
1620445862110357694,sensor2,1,-145.73886,15.88546,0.46573,24.35356,-1.43583,2.53227,-1.56654,-0.16042
1620445862125496222,sensor1,1,-145.73886,15.88546,0.46573,24.35356,-1.43583,2.53227,-1.56654,-0.16042
1620445862126281018,sensor2,1,-145.73886,15.88546,0.46573,24.35356,-1.43583,2.53227,-1.56654,-0.16042
1620445862147272249,sensor1,1,-145.73886,15.88546,0.46573,24.35356,-1.43583,2.53227,-1.56654,-0.16042
1620445862148076583,sensor2,1,-145.73886,15.88546,0.46573,24.35356,-1.43583,2.53227,-1.56654,-0.16042
1620445862158440881,sensor1,1,-145.70627,17.86925,0.27639,24.5558,-2.33512,2.4943,-1.57584,-0.08511
1620445862160347659,sensor2,1,-145.70627,17.86925,0.27639,24.5558,-2.33512,2.4943,-1.57584,-0.08511
1620445862173663964,sensor1,1,-145.70627,17.86925,0.27639,24.5558,-2.33512,2.4943,-1.57584,-0.08511
1620445862174618509,sensor2,1,-145.70627,17.86925,0.27639,24.5558,-2.33512,2.4943,-1.57584,-0.08511
1620445862189517236,sensor1,1,-145.70627,17.86925,0.27639,24.5558,-2.33512,2.4943,-1.57584,-0.08511
1620445862190358957,sensor2,1,-145.70627,17.86925,0.27639,24.5558,-2.33512,2.4943,-1.57584,-0.08511
1620445862205571663,sensor1,1,-145.70627,17.86925,0.27639,24.5558,-2.33512,2.4943,-1.57584,-0.08511
1620445862206330167,sensor2,1,-145.70627,17.86925,0.27639,24.5558,-2.33512,2.4943,-1.57584,-0.08511
1620445862225284572,sensor1,1,-145.70627,17.86925,0.27639,24.5558,-2.33512,2.4943,-1.57584,-0.08511
1620445862226093118,sensor2,1,-145.70627,17.86925,0.27639,24.5558,-2.33512,2.4943,-1.57584,-0.08511
1620445862238211897,sensor1,1,-145.69054,19.88,0.09272,24.75722,-2.25331,2.4709,-1.5808,-0.0452
1620445862240035322,sensor2,1,-145.69054,19.88,0.09272,24.75722,-2.25331,2.4709,-1.5808,-0.0452
1620445862253627377,sensor1,1,-145.69054,19.88,0.09272,24.75722,-2.25331,2.4709,-1.5808,-0.0452
1620445862254510628,sensor2,1,-145.69054,19.88,0.09272,24.75722,-2.25331,2.4709,-1.5808,-0.0452
1620445862268592862,sensor1,1,-145.69054,19.88,0.09272,24.75722,-2.25331,2.4709,-1.5808,-0.0452
1620445862269396899,sensor2,1,-145.69054,19.88,0.09272,24.75722,-2.25331,2.4709,-1.5808,-0.0452
1620445862284579799,sensor1,1,-145.69054,19.88,0.09272,24.75722,-2.25331,2.4709,-1.5808,-0.0452
1620445862285377156,sensor2,1,-145.69054,19.88,0.09272,24.75722,-2.25331,2.4709,-1.5808,-0.0452
1620445862300571952,sensor1,1,-145.69054,19.88,0.09272,24.75722,-2.25331,2.4709,-1.5808,-0.0452
1620445862301364890,sensor2,1,-145.69054,19.88,0.09272,24.75722,-2.25331,2.4709,-1.5808,-0.0452
1620445862320138237,sensor1,1,-145.69054,19.88,0.09272,24.75722,-2.25331,2.4709,-1.5808,-0.0452
1620445862320941967,sensor2,1,-145.69054,19.88,0.09272,24.75722,-2.25331,2.4709,-1.5808,-0.0452
1620445862333275031,sensor1,1,-145.70288,21.8848,-0.48464,24.90341,-7.15447,1.81157,-1.59571,-0.30949
1620445862334565014,sensor2,1,-145.70288,21.8848,-0.48464,24.90341,-7.15447,1.81157,-1.59571,-0.30949
1620445862348643457,sensor1,1,-145.70288,21.8848,-0.48464,24.90341,-7.15447,1.81157,-1.59571,-0.30949
1620445862349524492,sensor2,1,-145.70288,21.8848,-0.48464,24.90341,-7.15447,1.81157,-1.59571,-0.30949
1620445862364681018,sensor1,1,-145.70288,21.8848,-0.48464,24.90341,-7.15447,1.81157,-1.59571,-0.30949
1620445862365539338,sensor2,1,-145.70288,21.8848,-0.48464,24.90341,-7.15447,1.81157,-1.59571,-0.30949
1620445862381377778,sensor1,1,-145.70288,21.8848,-0.48464,24.90341,-7.15447,1.81157,-1.59571,-0.30949
1620445862383246299,sensor2,1,-145.70288,21.8848,-0.48464,24.90341,-7.15447,1.81157,-1.59571,-0.30949
1620445862396639464,sensor1,1,-145.70288,21.8848,-0.48464,24.90341,-7.15447,1.81157,-1.59571,-0.30949
1620445862397660854,sensor2,1,-145.70288,21.8848,-0.48464,24.90341,-7.15447,1.81157,-1.59571,-0.30949
1620445862413275107,sensor1,1,-145.74982,24.16975,-0.68579,25.12255,-2.20314,2.40024,-1.61659,-0.16352
1620445862415361860,sensor2,1,-145.74982,24.16975,-0.68579,25.12255,-2.20314,2.40024,-1.61659,-0.16352
1620445862428669628,sensor1,1,-145.74982,24.16975,-0.68579,25.12255,-2.20314,2.40024,-1.61659,-0.16352
1620445862429474437,sensor2,1,-145.74982,24.16975,-0.68579,25.12255,-2.20314,2.40024,-1.61659,-0.16352
1620445862444786485,sensor1,1,-145.74982,24.16975,-0.68579,25.12255,-2.20314,2.40024,-1.61659,-0.16352
1620445862445639641,sensor2,1,-145.74982,24.16975,-0.68579,25.12255,-2.20314,2.40024,-1.61659,-0.16352
1620445862460658484,sensor1,1,-145.74982,24.16975,-0.68579,25.12255,-2.20314,2.40024,-1.61659,-0.16352
1620445862461502506,sensor2,1,-145.74982,24.16975,-0.68579,25.12255,-2.20314,2.40024,-1.61659,-0.16352
1620445862477084394,sensor1,1,-145.74982,24.16975,-0.68579,25.12255,-2.20314,2.40024,-1.61659,-0.16352
1620445862478566634,sensor2,1,-145.74982,24.16975,-0.68579,25.12255,-2.20314,2.40024,-1.61659,-0.16352
1620445862492578848,sensor1,1,-145.74982,24.16975,-0.68579,25.12255,-2.20314,2.40024,-1.61659,-0.16352
1620445862493404075,sensor2,1,-145.74982,24.16975,-0.68579,25.12255,-2.20314,2.40024,-1.61659,-0.16352
1620445862509095119,sensor1,1,-145.8131,26.2364,-0.92267,25.31164,-2.89204,2.30862,-1.6262,-0.08532
1620445862510637763,sensor2,1,-145.8131,26.2364,-0.92267,25.31164,-2.89204,2.30862,-1.6262,-0.08532
1620445862524601568,sensor1,1,-145.8131,26.2364,-0.92267,25.31164,-2.89204,2.30862,-1.6262,-0.08532
1620445862525511327,sensor2,1,-145.8131,26.2364,-0.92267,25.31164,-2.89204,2.30862,-1.6262,-0.08532
1620445862540599157,sensor1,1,-145.8131,26.2364,-0.92267,25.31164,-2.89204,2.30862,-1.6262,-0.08532
1620445862541460913,sensor2,1,-145.8131,26.2364,-0.92267,25.31164,-2.89204,2.30862,-1.6262,-0.08532
1620445862557276665,sensor1,1,-145.8131,26.2364,-0.92267,25.31164,-2.89204,2.30862,-1.6262,-0.08532
1620445862562904892,sensor2,1,-145.8131,26.2364,-0.92267,25.31164,-2.89204,2.30862,-1.6262,-0.08532
1620445862572608362,sensor1,1,-145.8131,26.2364,-0.92267,25.31164,-2.89204,2.30862,-1.6262,-0.08532
1620445862573592270,sensor2,1,-145.8131,26.2364,-0.92267,25.31164,-2.89204,2.30862,-1.6262,-0.08532
1620445862589255741,sensor1,1,-145.9119,28.64224,-1.17433,25.52994,-2.66014,2.3074,-1.63182,-0.0419
1620445862591146537,sensor2,1,-145.9119,28.64224,-1.17433,25.52994,-2.66014,2.3074,-1.63182,-0.0419
1620445862604809737,sensor1,1,-145.9119,28.64224,-1.17433,25.52994,-2.66014,2.3074,-1.63182,-0.0419
1620445862605906700,sensor2,1,-145.9119,28.64224,-1.17433,25.52994,-2.66014,2.3074,-1.63182,-0.0419
1620445862620712500,sensor1,1,-145.9119,28.64224,-1.17433,25.52994,-2.66014,2.3074,-1.63182,-0.0419
1620445862621600095,sensor2,1,-145.9119,28.64224,-1.17433,25.52994,-2.66014,2.3074,-1.63182,-0.0419
1620445862636702817,sensor1,1,-145.9119,28.64224,-1.17433,25.52994,-2.66014,2.3074,-1.63182,-0.0419
1620445862637960704,sensor2,1,-145.9119,28.64224,-1.17433,25.52994,-2.66014,2.3074,-1.63182,-0.0419
1620445862653158605,sensor1,1,-145.9119,28.64224,-1.17433,25.52994,-2.66014,2.3074,-1.63182,-0.0419
1620445862658036443,sensor2,1,-145.9119,28.64224,-1.17433,25.52994,-2.66014,2.3074,-1.63182,-0.0419
1620445862668600402,sensor1,1,-145.9119,28.64224,-1.17433,25.52994,-2.66014,2.3074,-1.63182,-0.0419
1620445862669609338,sensor2,1,-145.9119,28.64224,-1.17433,25.52994,-2.66014,2.3074,-1.63182,-0.0419
1620445862684988393,sensor1,1,-146.01837,30.801,-1.34964,25.7243,-2.08204,2.30839,-1.63459,-0.02444
1620445862686157547,sensor2,1,-146.01837,30.801,-1.34964,25.7243,-2.08204,2.30839,-1.63459,-0.02444
1620445862700604929,sensor1,1,-146.01837,30.801,-1.34964,25.7243,-2.08204,2.30839,-1.63459,-0.02444
1620445862701510914,sensor2,1,-146.01837,30.801,-1.34964,25.7243,-2.08204,2.30839,-1.63459,-0.02444
1620445862716580750,sensor1,1,-146.01837,30.801,-1.34964,25.7243,-2.08204,2.30839,-1.63459,-0.02444
1620445862717449210,sensor2,1,-146.01837,30.801,-1.34964,25.7243,-2.08204,2.30839,-1.63459,-0.02444
1620445862736434563,sensor1,1,-146.01837,30.801,-1.34964,25.7243,-2.08204,2.30839,-1.63459,-0.02444
1620445862737569147,sensor2,1,-146.01837,30.801,-1.34964,25.7243,-2.08204,2.30839,-1.63459,-0.02444
1620445862749517521,sensor1,1,-146.01837,30.801,-1.34964,25.7243,-2.08204,2.30839,-1.63459,-0.02444
1620445862750290489,sensor2,1,-146.01837,30.801,-1.34964,25.7243,-2.08204,2.30839,-1.63459,-0.02444
1620445862765675440,sensor1,1,-146.14618,33.11802,-1.49261,25.93404,-1.59455,2.33926,-1.63613,-0.0125
1620445862766498053,sensor2,1,-146.14618,33.11802,-1.49261,25.93404,-1.59455,2.33926,-1.63613,-0.0125
1620445862781514146,sensor1,1,-146.14618,33.11802,-1.49261,25.93404,-1.59455,2.33926,-1.63613,-0.0125
1620445862782326954,sensor2,1,-146.14618,33.11802,-1.49261,25.93404,-1.59455,2.33926,-1.63613,-0.0125
1620445862797556260,sensor1,1,-146.14618,33.11802,-1.49261,25.93404,-1.59455,2.33926,-1.63613,-0.0125
1620445862798399678,sensor2,1,-146.14618,33.11802,-1.49261,25.93404,-1.59455,2.33926,-1.63613,-0.0125
1620445862820588803,sensor1,1,-146.14618,33.11802,-1.49261,25.93404,-1.59455,2.33926,-1.63613,-0.0125
1620445862821440070,sensor2,1,-146.14618,33.11802,-1.49261,25.93404,-1.59455,2.33926,-1.63613,-0.0125
1620445862829508681,sensor1,1,-146.14618,33.11802,-1.49261,25.93404,-1.59455,2.33926,-1.63613,-0.0125
1620445862830337194,sensor2,1,-146.14618,33.11802,-1.49261,25.93404,-1.59455,2.33926,-1.63613,-0.0125
1620445862845615895,sensor1,1,-146.26468,35.12132,-1.58234,26.11499,-1.16619,2.35166,-1.63683,-0.00708
1620445862846591106,sensor2,1,-146.26468,35.12132,-1.58234,26.11499,-1.16619,2.35166,-1.63683,-0.00708
1620445862861772709,sensor1,1,-146.26468,35.12132,-1.58234,26.11499,-1.16619,2.35166,-1.63683,-0.00708
1620445862862820703,sensor2,1,-146.26468,35.12132,-1.58234,26.11499,-1.16619,2.35166,-1.63683,-0.00708
1620445862877523136,sensor1,1,-146.26468,35.12132,-1.58234,26.11499,-1.16619,2.35166,-1.63683,-0.00708
1620445862878292466,sensor2,1,-146.26468,35.12132,-1.58234,26.11499,-1.16619,2.35166,-1.63683,-0.00708
1620445862900409862,sensor1,1,-146.26468,35.12132,-1.58234,26.11499,-1.16619,2.35166,-1.63683,-0.00708
1620445862901220237,sensor2,1,-146.26468,35.12132,-1.58234,26.11499,-1.16619,2.35166,-1.63683,-0.00708
1620445862910217712,sensor1,1,-146.3894,37.14218,-1.64913,26.2966,-0.86653,2.35615,-1.63724,-0.00403
1620445862911849917,sensor2,1,-146.3894,37.14218,-1.64913,26.2966,-0.86653,2.35615,-1.63724,-0.00403
1620445862925624678,sensor1,1,-146.3894,37.14218,-1.64913,26.2966,-0.86653,2.35615,-1.63724,-0.00403
1620445862926536016,sensor2,1,-146.3894,37.14218,-1.64913,26.2966,-0.86653,2.35615,-1.63724,-0.00403
1620445862941690857,sensor1,1,-146.3894,37.14218,-1.64913,26.2966,-0.86653,2.35615,-1.63724,-0.00403
1620445862942522415,sensor2,1,-146.3894,37.14218,-1.64913,26.2966,-0.86653,2.35615,-1.63724,-0.00403
1620445862958500974,sensor1,1,-146.3894,37.14218,-1.64913,26.2966,-0.86653,2.35615,-1.63724,-0.00403
1620445862966697442,sensor2,1,-146.3894,37.14218,-1.64913,26.2966,-0.86653,2.35615,-1.63724,-0.00403
1620445862973673076,sensor1,1,-146.3894,37.14218,-1.64913,26.2966,-0.86653,2.35615,-1.63724,-0.00403
1620445862974592869,sensor2,1,-146.3894,37.14218,-1.64913,26.2966,-0.86653,2.35615,-1.63724,-0.00403
1620445862989857491,sensor1,1,-146.51617,39.13974,-1.69819,26.47484,-0.64831,2.35531,-1.63746,-0.00233
1620445862990687495,sensor2,1,-146.51617,39.13974,-1.69819,26.47484,-0.64831,2.35531,-1.63746,-0.00233
1620445863005554384,sensor1,1,-146.51617,39.13974,-1.69819,26.47484,-0.64831,2.35531,-1.63746,-0.00233
1620445863006552033,sensor2,1,-146.51617,39.13974,-1.69819,26.47484,-0.64831,2.35531,-1.63746,-0.00233
1620445863021546805,sensor1,1,-146.51617,39.13974,-1.69819,26.47484,-0.64831,2.35531,-1.63746,-0.00233
1620445863022346574,sensor2,1,-146.51617,39.13974,-1.69819,26.47484,-0.64831,2.35531,-1.63746,-0.00233
1620445863041455475,sensor1,1,-146.51617,39.13974,-1.69819,26.47484,-0.64831,2.35531,-1.63746,-0.00233
1620445863042285334,sensor2,1,-146.51617,39.13974,-1.69819,26.47484,-0.64831,2.35531,-1.63746,-0.00233
1620445863053701076,sensor1,1,-146.51617,39.13974,-1.69819,26.47484,-0.64831,2.35531,-1.63746,-0.00233
1620445863054533012,sensor2,1,-146.51617,39.13974,-1.69819,26.47484,-0.64831,2.35531,-1.63746,-0.00233
1620445863069770138,sensor1,1,-146.64159,41.0803,-1.73443,26.64649,-0.49615,2.35043,-1.63759,-0.00139
1620445863071095845,sensor2,1,-146.64159,41.0803,-1.73443,26.64649,-0.49615,2.35043,-1.63759,-0.00139
1620445863085532517,sensor1,1,-146.64159,41.0803,-1.73443,26.64649,-0.49615,2.35043,-1.63759,-0.00139
1620445863086338039,sensor2,1,-146.64159,41.0803,-1.73443,26.64649,-0.49615,2.35043,-1.63759,-0.00139
1620445863101572495,sensor1,1,-146.64159,41.0803,-1.73443,26.64649,-0.49615,2.35043,-1.63759,-0.00139
1620445863102449323,sensor2,1,-146.64159,41.0803,-1.73443,26.64649,-0.49615,2.35043,-1.63759,-0.00139
1620445863121194556,sensor1,1,-146.64159,41.0803,-1.73443,26.64649,-0.49615,2.35043,-1.63759,-0.00139
1620445863122001015,sensor2,1,-146.64159,41.0803,-1.73443,26.64649,-0.49615,2.35043,-1.63759,-0.00139
1620445863133799637,sensor1,1,-146.64159,41.0803,-1.73443,26.64649,-0.49615,2.35043,-1.63759,-0.00139
1620445863135622074,sensor2,1,-146.77908,43.18094,-1.7649,26.83048,-0.38802,2.34293,-1.63767,-0.00079
1620445863149681341,sensor1,1,-146.77908,43.18094,-1.7649,26.83048,-0.38802,2.34293,-1.63767,-0.00079
1620445863150824722,sensor2,1,-146.77908,43.18094,-1.7649,26.83048,-0.38802,2.34293,-1.63767,-0.00079
1620445863166137367,sensor1,1,-146.77908,43.18094,-1.7649,26.83048,-0.38802,2.34293,-1.63767,-0.00079
1620445863167317009,sensor2,1,-146.77908,43.18094,-1.7649,26.83048,-0.38802,2.34293,-1.63767,-0.00079
1620445863181869930,sensor1,1,-146.77908,43.18094,-1.7649,26.83048,-0.38802,2.34293,-1.63767,-0.00079
1620445863182898140,sensor2,1,-146.77908,43.18094,-1.7649,26.83048,-0.38802,2.34293,-1.63767,-0.00079
1620445863201472541,sensor1,1,-146.77908,43.18094,-1.7649,26.83048,-0.38802,2.34293,-1.63767,-0.00079
1620445863202546433,sensor2,1,-146.77908,43.18094,-1.7649,26.83048,-0.38802,2.34293,-1.63767,-0.00079
1620445863214367174,sensor1,1,-146.77908,43.18094,-1.7649,26.83048,-0.38802,2.34293,-1.63767,-0.00079
1620445863215728848,sensor2,1,-146.91087,45.17792,-1.788,27.00354,-0.31151,2.33364,-1.63772,-0.00047
1620445863229684257,sensor1,1,-146.91087,45.17792,-1.788,27.00354,-0.31151,2.33364,-1.63772,-0.00047
1620445863230803034,sensor2,1,-146.91087,45.17792,-1.788,27.00354,-0.31151,2.33364,-1.63772,-0.00047
1620445863245918254,sensor1,1,-146.91087,45.17792,-1.788,27.00354,-0.31151,2.33364,-1.63772,-0.00047
1620445863246908703,sensor2,1,-146.91087,45.17792,-1.788,27.00354,-0.31151,2.33364,-1.63772,-0.00047
1620445863261133647,sensor1,1,-146.91087,45.17792,-1.788,27.00354,-0.31151,2.33364,-1.63772,-0.00047
1620445863262773172,sensor2,1,-146.91087,45.17792,-1.788,27.00354,-0.31151,2.33364,-1.63772,-0.00047
1620445863276585575,sensor1,1,-146.91087,45.17792,-1.788,27.00354,-0.31151,2.33364,-1.63772,-0.00047
1620445863277449710,sensor2,1,-146.91087,45.17792,-1.788,27.00354,-0.31151,2.33364,-1.63772,-0.00047
1620445863292689274,sensor1,1,-147.05757,47.38842,-1.80911,27.19294,-0.25886,2.32278,-1.63775,-0.00026
1620445863293704390,sensor2,1,-147.05757,47.38842,-1.80911,27.19294,-0.25886,2.32278,-1.63775,-0.00026
1620445863308671509,sensor1,1,-147.05757,47.38842,-1.80911,27.19294,-0.25886,2.32278,-1.63775,-0.00026
1620445863309655800,sensor2,1,-147.05757,47.38842,-1.80911,27.19294,-0.25886,2.32278,-1.63775,-0.00026
1620445863324705443,sensor1,1,-147.05757,47.38842,-1.80911,27.19294,-0.25886,2.32278,-1.63775,-0.00026
1620445863325660555,sensor2,1,-147.05757,47.38842,-1.80911,27.19294,-0.25886,2.32278,-1.63775,-0.00026
1620445863340707634,sensor1,1,-147.05757,47.38842,-1.80911,27.19294,-0.25886,2.32278,-1.63775,-0.00026
1620445863341530380,sensor2,1,-147.05757,47.38842,-1.80911,27.19294,-0.25886,2.32278,-1.63775,-0.00026
1620445863360444694,sensor1,1,-147.05757,47.38842,-1.80911,27.19294,-0.25886,2.32278,-1.63775,-0.00026
1620445863361268438,sensor2,1,-147.05757,47.38842,-1.80911,27.19294,-0.25886,2.32278,-1.63775,-0.00026
1620445863372744606,sensor1,1,-147.05757,47.38842,-1.80911,27.19294,-0.25886,2.32278,-1.63775,-0.00026
1620445863374028055,sensor2,1,-147.1864,49.32269,-1.82496,27.35682,-0.22364,2.31164,-1.63776,-0.00016
1620445863388587109,sensor1,1,-147.1864,49.32269,-1.82496,27.35682,-0.22364,2.31164,-1.63776,-0.00016
1620445863389420565,sensor2,1,-147.1864,49.32269,-1.82496,27.35682,-0.22364,2.31164,-1.63776,-0.00016
1620445863404801315,sensor1,1,-147.1864,49.32269,-1.82496,27.35682,-0.22364,2.31164,-1.63776,-0.00016
1620445863405687013,sensor2,1,-147.1864,49.32269,-1.82496,27.35682,-0.22364,2.31164,-1.63776,-0.00016
1620445863421143639,sensor1,1,-147.1864,49.32269,-1.82496,27.35682,-0.22364,2.31164,-1.63776,-0.00016
1620445863422511303,sensor2,1,-147.1864,49.32269,-1.82496,27.35682,-0.22364,2.31164,-1.63776,-0.00016
1620445863437182110,sensor1,1,-147.1864,49.32269,-1.82496,27.35682,-0.22364,2.31164,-1.63776,-0.00016
1620445863438258492,sensor2,1,-147.1864,49.32269,-1.82496,27.35682,-0.22364,2.31164,-1.63776,-0.00016
1620445863453058633,sensor1,1,-147.34602,51.7127,-1.84231,27.55691,-0.19937,2.29967,-1.63777,-8e-05
1620445863454333332,sensor2,1,-147.34602,51.7127,-1.84231,27.55691,-0.19937,2.29967,-1.63777,-8e-05
1620445863468946263,sensor1,1,-147.34602,51.7127,-1.84231,27.55691,-0.19937,2.29967,-1.63777,-8e-05
1620445863469745540,sensor2,1,-147.34602,51.7127,-1.84231,27.55691,-0.19937,2.29967,-1.63777,-8e-05
1620445863484844684,sensor1,1,-147.34602,51.7127,-1.84231,27.55691,-0.19937,2.29967,-1.63777,-8e-05
1620445863485593628,sensor2,1,-147.34602,51.7127,-1.84231,27.55691,-0.19937,2.29967,-1.63777,-8e-05
1620445863506809015,sensor1,1,-147.34602,51.7127,-1.84231,27.55691,-0.19937,2.29967,-1.63777,-8e-05
1620445863507607806,sensor2,1,-147.34602,51.7127,-1.84231,27.55691,-0.19937,2.29967,-1.63777,-8e-05
1620445863516752131,sensor1,1,-147.34602,51.7127,-1.84231,27.55691,-0.19937,2.29967,-1.63777,-8e-05
1620445863517565603,sensor2,1,-147.34602,51.7127,-1.84231,27.55691,-0.19937,2.29967,-1.63777,-8e-05
1620445863532835516,sensor1,1,-147.48346,53.76738,-1.85586,27.72687,-0.18239,2.28735,-1.63777,-5e-05
1620445863533949841,sensor2,1,-147.48346,53.76738,-1.85586,27.72687,-0.18239,2.28735,-1.63777,-5e-05
1620445863548728239,sensor1,1,-147.48346,53.76738,-1.85586,27.72687,-0.18239,2.28735,-1.63777,-5e-05
1620445863549722498,sensor2,1,-147.48346,53.76738,-1.85586,27.72687,-0.18239,2.28735,-1.63777,-5e-05
1620445863564601937,sensor1,1,-147.48346,53.76738,-1.85586,27.72687,-0.18239,2.28735,-1.63777,-5e-05
1620445863565683007,sensor2,1,-147.48346,53.76738,-1.85586,27.72687,-0.18239,2.28735,-1.63777,-5e-05
1620445863584459218,sensor1,1,-147.48346,53.76738,-1.85586,27.72687,-0.18239,2.28735,-1.63777,-5e-05
1620445863585271165,sensor2,1,-147.48346,53.76738,-1.85586,27.72687,-0.18239,2.28735,-1.63777,-5e-05
1620445863597221667,sensor1,1,-147.62164,55.83101,-1.86861,27.89568,-0.17193,2.27583,-1.63778,-2e-05
1620445863599691357,sensor2,1,-147.62164,55.83101,-1.86861,27.89568,-0.17193,2.27583,-1.63778,-2e-05
1620445863612738575,sensor1,1,-147.62164,55.83101,-1.86861,27.89568,-0.17193,2.27583,-1.63778,-2e-05
1620445863613556354,sensor2,1,-147.62164,55.83101,-1.86861,27.89568,-0.17193,2.27583,-1.63778,-2e-05
1620445863628649884,sensor1,1,-147.62164,55.83101,-1.86861,27.89568,-0.17193,2.27583,-1.63778,-2e-05
1620445863629812664,sensor2,1,-147.62164,55.83101,-1.86861,27.89568,-0.17193,2.27583,-1.63778,-2e-05
1620445863644570043,sensor1,1,-147.62164,55.83101,-1.86861,27.89568,-0.17193,2.27583,-1.63778,-2e-05
1620445863645464560,sensor2,1,-147.62164,55.83101,-1.86861,27.89568,-0.17193,2.27583,-1.63778,-2e-05
1620445863664159127,sensor1,1,-147.62164,55.83101,-1.86861,27.89568,-0.17193,2.27583,-1.63778,-2e-05
1620445863665100642,sensor2,1,-147.62164,55.83101,-1.86861,27.89568,-0.17193,2.27583,-1.63778,-2e-05
1620445863676534748,sensor1,1,-147.62164,55.83101,-1.86861,27.89568,-0.17193,2.27583,-1.63778,-2e-05
1620445863677329254,sensor2,1,-147.62164,55.83101,-1.86861,27.89568,-0.17193,2.27583,-1.63778,-2e-05
1620445863692880678,sensor1,1,-147.74902,57.91777,-1.46924,28.05415,5.35554,2.12517,-1.62672,0.27668
1620445863694106481,sensor2,1,-147.74902,57.91777,-1.46924,28.05415,5.35554,2.12517,-1.62672,0.27668
1620445863708548539,sensor1,1,-147.74902,57.91777,-1.46924,28.05415,5.35554,2.12517,-1.62672,0.27668
1620445863709440786,sensor2,1,-147.74902,57.91777,-1.46924,28.05415,5.35554,2.12517,-1.62672,0.27668
1620445863724566540,sensor1,1,-147.74902,57.91777,-1.46924,28.05415,5.35554,2.12517,-1.62672,0.27668
1620445863725281708,sensor2,1,-147.74902,57.91777,-1.46924,28.05415,5.35554,2.12517,-1.62672,0.27668
1620445863746110413,sensor1,1,-147.74902,57.91777,-1.46924,28.05415,5.35554,2.12517,-1.62672,0.27668
1620445863746991513,sensor2,1,-147.74902,57.91777,-1.46924,28.05415,5.35554,2.12517,-1.62672,0.27668
1620445863757455171,sensor1,1,-147.74902,57.91777,-1.46924,28.05415,5.35554,2.12517,-1.62672,0.27668
1620445863758266072,sensor2,1,-147.74902,57.91777,-1.46924,28.05415,5.35554,2.12517,-1.62672,0.27668
1620445863773683062,sensor1,1,-147.87799,60.32742,-1.39886,28.25146,0.82257,2.30578,-1.6083,0.16261
1620445863789613021,sensor1,1,-147.87799,60.32742,-1.39886,28.25146,0.82257,2.30578,-1.6083,0.16261
1620445863805655733,sensor1,1,-147.87799,60.32742,-1.39886,28.25146,0.82257,2.30578,-1.6083,0.16261
1620445863822160903,sensor1,1,-147.87799,60.32742,-1.39886,28.25146,0.82257,2.30578,-1.6083,0.16261
1620445863837520424,sensor1,1,-147.87799,60.32742,-1.39886,28.25146,0.82257,2.30578,-1.6083,0.16261
