1620445859437763756,49.39022,-0.00097,-17.35913,0.00002,-3.04511,-0.00018,-0.00004,-0.00001,0,0.100,1
1620445859452919402,49.39022,-0.00097,-17.35913,0.00002,-3.04511,-0.00018,-0.00004,-0.00001,0,1.000,0
1620445859468869524,49.39022,-0.00097,-17.35913,0.00002,-3.04511,-0.00018,-0.00004,-0.00001,0,1.000,0
1620445859484669251,49.39022,-0.00097,-17.35913,0.00002,-3.04511,-0.00018,-0.00004,-0.00001,0,1.000,0
1620445859500708362,49.39022,-0.00097,-17.35913,0.00002,-3.04511,-0.00018,-0.00004,-0.00001,0,1.000,0
1620445859517831933,48.00372,-0.00109,-17.59817,0.00004,-3.01597,-0.00023,-0.00004,-0.00001,0,0.180,0
1620445859532749068,48.00372,-0.00109,-17.59817,0.00004,-3.01597,-0.00023,-0.00004,-0.00001,0,1.000,0
1620445859548733020,48.00372,-0.00109,-17.59817,0.00004,-3.01597,-0.00023,-0.00004,-0.00001,0,1.000,0
1620445859564946184,48.00372,-0.00109,-17.59817,0.00004,-3.01597,-0.00023,-0.00004,-0.00001,0,1.000,0
1620445859580656341,48.00372,-0.00109,-17.59817,0.00004,-3.01597,-0.00023,-0.00004,-0.00001,0,1.000,0
1620445859597284557,46.58277,-0.00107,-17.83707,0.00003,-2.98127,-0.00029,-0.00004,-0.00001,0,0.168,0
1620445859598855725,46.58277,-0.00107,-17.83707,0.00003,-2.98127,-0.00029,-0.00004,-0.00001,0,1.000,0
1620445859613028150,46.58277,-0.00107,-17.83707,0.00003,-2.98127,-0.00029,-0.00004,-0.00001,0,1.000,0
1620445859614227513,46.58277,-0.00107,-17.83707,0.00003,-2.98127,-0.00029,-0.00004,-0.00001,0,1.000,0
1620445859628836155,46.58277,-0.00107,-17.83707,0.00003,-2.98127,-0.00029,-0.00004,-0.00001,0,1.000,0
1620445859630301435,46.58277,-0.00107,-17.83707,0.00003,-2.98127,-0.00029,-0.00004,-0.00001,0,1.000,0
1620445859644591302,46.58277,-0.00107,-17.83707,0.00003,-2.98127,-0.00029,-0.00004,-0.00001,0,1.000,0
1620445859645430826,46.58277,-0.00107,-17.83707,0.00003,-2.98127,-0.00029,-0.00004,-0.00001,0,1.000,0
1620445859664441337,46.58277,-0.00107,-17.83707,0.00003,-2.98127,-0.00029,-0.00004,-0.00001,0,1.000,0
1620445859665257601,46.58277,-0.00107,-17.83707,0.00003,-2.98127,-0.00029,-0.00004,-0.00001,0,1.000,0
1620445859676467059,46.58277,-0.00107,-17.83707,0.00003,-2.98127,-0.00029,-0.00004,-0.00001,0,1.000,0
1620445859677266018,46.58277,-0.00107,-17.83707,0.00003,-2.98127,-0.00029,-0.00004,-0.00001,0,1.000,0
1620445859693155125,45.17390,-0.00117,-18.06766,0.00004,-2.94181,-0.00025,-0.00004,-0.00001,0,0.172,0
1620445859694427648,45.17390,-0.00118,-18.06766,0.00004,-2.94181,-0.00025,-0.00004,-0.00001,0,1.000,0
1620445859708774113,45.17390,-0.00117,-18.06766,0.00004,-2.94181,-0.00025,-0.00004,-0.00001,0,1.000,0
1620445859709973824,45.17390,-0.00118,-18.06766,0.00004,-2.94181,-0.00025,-0.00004,-0.00001,0,1.000,0
1620445859724733659,45.17390,-0.00117,-18.06766,0.00004,-2.94181,-0.00025,-0.00004,-0.00001,0,1.000,0
1620445859725530487,45.17390,-0.00118,-18.06766,0.00004,-2.94181,-0.00025,-0.00004,-0.00001,0,1.000,0
1620445859746030070,45.17390,-0.00117,-18.06766,0.00004,-2.94181,-0.00025,-0.00004,-0.00001,0,1.000,0
1620445859746816528,45.17390,-0.00118,-18.06766,0.00004,-2.94181,-0.00025,-0.00004,-0.00001,0,1.000,0
1620445859757563976,45.17390,-0.00117,-18.06766,0.00004,-2.94181,-0.00025,-0.00004,-0.00001,0,1.000,0
1620445859758266146,45.17390,-0.00118,-18.06766,0.00004,-2.94181,-0.00025,-0.00004,-0.00001,0,1.000,0
1620445859773684962,43.51937,-0.00125,-18.33202,0.00003,-2.91113,-0.00024,-0.00005,-0.00001,1,0.100,1
1620445859774641765,43.51937,-0.00125,-18.33202,0.00003,-2.91113,-0.00024,-0.00005,-0.00001,1,1.000,0
1620445859789700703,43.51937,-0.00125,-18.33202,0.00003,-2.91113,-0.00024,-0.00005,-0.00001,1,1.000,0
1620445859790540899,43.51937,-0.00125,-18.33202,0.00003,-2.91113,-0.00024,-0.00005,-0.00001,1,1.000,0
1620445859805625008,43.51937,-0.00125,-18.33202,0.00003,-2.91113,-0.00024,-0.00005,-0.00001,1,1.000,0
1620445859806463243,43.51937,-0.00125,-18.33202,0.00003,-2.91113,-0.00024,-0.00005,-0.00001,1,1.000,0
1620445859825195322,43.51937,-0.00125,-18.33202,0.00003,-2.91113,-0.00024,-0.00005,-0.00001,1,1.000,0
1620445859826028837,43.51937,-0.00125,-18.33202,0.00003,-2.91113,-0.00024,-0.00005,-0.00001,1,1.000,0
1620445859837559947,43.51937,-0.00125,-18.33202,0.00003,-2.91113,-0.00024,-0.00005,-0.00001,1,1.000,0
1620445859838353155,43.51937,-0.00125,-18.33202,0.00003,-2.91113,-0.00024,-0.00005,-0.00001,1,1.000,0
1620445859853627350,42.03741,-0.00134,-18.56350,0.00004,-2.88361,-0.00024,-0.00005,-0.00001,1,0.147,0
1620445859854511721,42.03741,-0.00135,-18.56350,0.00004,-2.88361,-0.00024,-0.00005,-0.00001,1,1.000,0
1620445859869573566,42.03741,-0.00134,-18.56350,0.00004,-2.88361,-0.00024,-0.00005,-0.00001,1,1.000,0
1620445859870343840,42.03741,-0.00135,-18.56350,0.00004,-2.88361,-0.00024,-0.00005,-0.00001,1,1.000,0
1620445859885528545,42.03741,-0.00134,-18.56350,0.00004,-2.88361,-0.00024,-0.00005,-0.00001,1,1.000,0
1620445859886288888,42.03741,-0.00135,-18.56350,0.00004,-2.88361,-0.00024,-0.00005,-0.00001,1,1.000,0
1620445859908103964,42.03741,-0.00134,-18.56350,0.00004,-2.88361,-0.00024,-0.00005,-0.00001,1,1.000,0
1620445859909070572,42.03741,-0.00135,-18.56350,0.00004,-2.88361,-0.00024,-0.00005,-0.00001,1,1.000,0
1620445859918426110,40.59605,-0.48453,-18.74739,-0.19957,-2.40247,-5.37904,-0.01162,-0.27527,1,0.119,0
1620445859920092103,40.59605,-0.48453,-18.74739,-0.19956,-2.40247,-5.37904,-0.01162,-0.27527,1,1.000,0
1620445859933700346,40.59605,-0.48453,-18.74739,-0.19957,-2.40247,-5.37904,-0.01162,-0.27527,1,1.000,0
1620445859934586857,40.59605,-0.48453,-18.74739,-0.19956,-2.40247,-5.37904,-0.01162,-0.27527,1,1.000,0
1620445859949513481,40.59605,-0.48453,-18.74739,-0.19957,-2.40247,-5.37904,-0.01162,-0.27527,1,1.000,0
1620445859950268071,40.59605,-0.48453,-18.74739,-0.19956,-2.40247,-5.37904,-0.01162,-0.27527,1,1.000,0
1620445859965562058,40.59605,-0.48453,-18.74739,-0.19957,-2.40247,-5.37904,-0.01162,-0.27527,1,1.000,0
1620445859966354794,40.59605,-0.48453,-18.74739,-0.19956,-2.40247,-5.37904,-0.01162,-0.27527,1,1.000,0
1620445859987324593,40.59605,-0.48453,-18.74739,-0.19957,-2.40247,-5.37904,-0.01162,-0.27527,1,1.000,0
1620445859988136021,40.59605,-0.48453,-18.74739,-0.19956,-2.40247,-5.37904,-0.01162,-0.27527,1,1.000,0
1620445859998527218,39.12001,-1.64352,-18.93369,-0.12238,-2.45817,-6.07899,-0.04059,-0.43955,2,0.100,1
1620445860000374053,39.12001,-1.64353,-18.93369,-0.12238,-2.45817,-6.07899,-0.04059,-0.43955,2,1.000,0
1620445860013479246,39.12001,-1.64352,-18.93369,-0.12238,-2.45817,-6.07899,-0.04059,-0.43955,2,1.000,0
1620445860014262466,39.12001,-1.64353,-18.93369,-0.12238,-2.45817,-6.07899,-0.04059,-0.43955,2,1.000,0
1620445860029524170,39.12001,-1.64352,-18.93369,-0.12238,-2.45817,-6.07899,-0.04059,-0.43955,2,1.000,0
1620445860030329470,39.12001,-1.64353,-18.93369,-0.12238,-2.45817,-6.07899,-0.04059,-0.43955,2,1.000,0
1620445860045754252,39.12001,-1.64352,-18.93369,-0.12238,-2.45817,-6.07899,-0.04059,-0.43955,2,1.000,0
1620445860047260956,39.12001,-1.64353,-18.93369,-0.12238,-2.45817,-6.07899,-0.04059,-0.43955,2,1.000,0
1620445860061523654,39.12001,-1.64352,-18.93369,-0.12238,-2.45817,-6.07899,-0.04059,-0.43955,2,1.000,0
1620445860062339797,39.12001,-1.64353,-18.93369,-0.12238,-2.45817,-6.07899,-0.04059,-0.43955,2,1.000,0
1620445860077855879,37.58198,-2.54356,-19.15172,0.25490,-2.82495,-0.94370,-0.06441,-0.21224,3,0.100,1
1620445860078818705,37.58198,-2.54357,-19.15172,0.25491,-2.82495,-0.94370,-0.06441,-0.21224,3,1.000,0
1620445860093516186,37.58198,-2.54356,-19.15172,0.25490,-2.82495,-0.94370,-0.06441,-0.21224,3,1.000,0
1620445860094290673,37.58198,-2.54357,-19.15172,0.25491,-2.82495,-0.94370,-0.06441,-0.21224,3,1.000,0
1620445860109526316,37.58198,-2.54356,-19.15172,0.25490,-2.82495,-0.94370,-0.06441,-0.21224,3,1.000,0
1620445860110324315,37.58198,-2.54357,-19.15172,0.25491,-2.82495,-0.94370,-0.06441,-0.21224,3,1.000,0
1620445860126232415,37.58198,-2.54356,-19.15172,0.25490,-2.82495,-0.94370,-0.06441,-0.21224,3,1.000,0
1620445860130920938,37.58198,-2.54357,-19.15172,0.25491,-2.82495,-0.94370,-0.06441,-0.21224,3,1.000,0
1620445860141527207,37.58198,-2.54356,-19.15172,0.25490,-2.82495,-0.94370,-0.06441,-0.21224,3,1.000,0
1620445860142356585,37.58198,-2.54357,-19.15172,0.25491,-2.82495,-0.94370,-0.06441,-0.21224,3,1.000,0
1620445860157640026,36.06578,-2.91936,-19.36662,0.29915,-2.83589,-2.12478,-0.07528,-0.09851,3,0.101,0
1620445860158544580,36.06578,-2.91936,-19.36662,0.29915,-2.83589,-2.12478,-0.07528,-0.09851,3,1.000,0
1620445860173555662,36.06578,-2.91936,-19.36662,0.29915,-2.83589,-2.12478,-0.07528,-0.09851,3,1.000,0
1620445860174385831,36.06578,-2.91936,-19.36662,0.29915,-2.83589,-2.12478,-0.07528,-0.09851,3,1.000,0
1620445860189511710,36.06578,-2.91936,-19.36662,0.29915,-2.83589,-2.12478,-0.07528,-0.09851,3,1.000,0
1620445860190283572,36.06578,-2.91936,-19.36662,0.29915,-2.83589,-2.12478,-0.07528,-0.09851,3,1.000,0
1620445860209352253,36.06578,-2.91936,-19.36662,0.29915,-2.83589,-2.12478,-0.07528,-0.09851,3,1.000,0
1620445860210324893,36.06578,-2.91936,-19.36662,0.29915,-2.83589,-2.12478,-0.07528,-0.09851,3,1.000,0
1620445860221583935,36.06578,-2.91936,-19.36662,0.29915,-2.83589,-2.12478,-0.07528,-0.09851,3,1.000,0
1620445860222368443,36.06578,-2.91936,-19.36662,0.29915,-2.83589,-2.12478,-0.07528,-0.09851,3,1.000,0
1620445860237728778,34.55120,-3.08238,-19.58107,0.24930,-2.81087,-1.96320,-0.08051,-0.05111,3,0.119,0
1620445860238550298,34.55120,-3.08239,-19.58108,0.24930,-2.81087,-1.96320,-0.08051,-0.05111,3,1.000,0
1620445860253704533,34.55120,-3.08238,-19.58107,0.24930,-2.81087,-1.96320,-0.08051,-0.05111,3,1.000,0
1620445860254849667,34.55120,-3.08239,-19.58108,0.24930,-2.81087,-1.96320,-0.08051,-0.05111,3,1.000,0
1620445860268671147,34.55120,-3.08238,-19.58107,0.24930,-2.81087,-1.96320,-0.08051,-0.05111,3,1.000,0
1620445860269462854,34.55120,-3.08239,-19.58108,0.24930,-2.81087,-1.96320,-0.08051,-0.05111,3,1.000,0
1620445860288420679,34.55120,-3.08238,-19.58107,0.24930,-2.81087,-1.96320,-0.08051,-0.05111,3,1.000,0
1620445860289260741,34.55120,-3.08239,-19.58108,0.24930,-2.81087,-1.96320,-0.08051,-0.05111,3,1.000,0
1620445860300540001,34.55120,-3.08238,-19.58107,0.24930,-2.81087,-1.96320,-0.08051,-0.05111,3,1.000,0
1620445860301454420,34.55120,-3.08239,-19.58108,0.24930,-2.81087,-1.96320,-0.08051,-0.05111,3,1.000,0
1620445860317091587,32.99164,-3.15689,-19.79993,0.17998,-2.79035,-1.55083,-0.08320,-0.02485,3,0.114,0
1620445860318378418,32.99164,-3.15689,-19.79993,0.17998,-2.79035,-1.55083,-0.08320,-0.02485,3,1.000,0
1620445860332934408,32.99164,-3.15689,-19.79993,0.17998,-2.79035,-1.55083,-0.08320,-0.02485,3,1.000,0
1620445860334086440,32.99164,-3.15689,-19.79993,0.17998,-2.79035,-1.55083,-0.08320,-0.02485,3,1.000,0
1620445860348755776,32.99164,-3.15689,-19.79993,0.17998,-2.79035,-1.55083,-0.08320,-0.02485,3,1.000,0
1620445860349589671,32.99164,-3.15689,-19.79993,0.17998,-2.79035,-1.55083,-0.08320,-0.02485,3,1.000,0
1620445860364514388,32.99164,-3.15689,-19.79993,0.17998,-2.79035,-1.55083,-0.08320,-0.02485,3,1.000,0
1620445860365329232,32.99164,-3.15689,-19.79993,0.17998,-2.79035,-1.55083,-0.08320,-0.02485,3,1.000,0
1620445860380601072,32.99164,-3.15689,-19.79993,0.17998,-2.79035,-1.55083,-0.08320,-0.02485,3,1.000,0
1620445860381582124,32.99164,-3.15689,-19.79993,0.17998,-2.79035,-1.55083,-0.08320,-0.02485,3,1.000,0
1620445860396532536,32.99164,-3.15689,-19.79993,0.17998,-2.79035,-1.55083,-0.08320,-0.02485,3,1.000,0
1620445860397424458,32.99164,-3.15689,-19.79993,0.17998,-2.79035,-1.55083,-0.08320,-0.02485,3,1.000,0
1620445860412750666,31.36669,-3.18747,-20.02705,0.11812,-2.79584,-1.08053,-0.08451,-0.01099,4,0.100,1
1620445860413613785,31.36669,-3.18747,-20.02706,0.11812,-2.79584,-1.08053,-0.08451,-0.01099,4,1.000,0
1620445860428913623,31.36669,-3.18747,-20.02705,0.11812,-2.79584,-1.08053,-0.08451,-0.01099,4,1.000,0
1620445860429834966,31.36669,-3.18747,-20.02706,0.11812,-2.79584,-1.08053,-0.08451,-0.01099,4,1.000,0
1620445860444549225,31.36669,-3.18747,-20.02705,0.11812,-2.79584,-1.08053,-0.08451,-0.01099,4,1.000,0
1620445860445353674,31.36669,-3.18747,-20.02706,0.11812,-2.79584,-1.08053,-0.08451,-0.01099,4,1.000,0
1620445860464156526,31.36669,-3.18747,-20.02705,0.11812,-2.79584,-1.08053,-0.08451,-0.01099,4,1.000,0
1620445860464970642,31.36669,-3.18747,-20.02706,0.11812,-2.79584,-1.08053,-0.08451,-0.01099,4,1.000,0
1620445860477405468,29.54728,-3.19855,-20.27716,0.06856,-2.77599,-0.69080,-0.08515,-0.00463,5,0.100,1
1620445860478908988,29.54728,-3.19855,-20.27717,0.06856,-2.77599,-0.69080,-0.08515,-0.00463,5,1.000,0
1620445860492687956,29.54728,-3.19855,-20.27716,0.06856,-2.77599,-0.69080,-0.08515,-0.00463,5,1.000,0
1620445860493494511,29.54728,-3.19855,-20.27717,0.06856,-2.77599,-0.69080,-0.08515,-0.00463,5,1.000,0
1620445860508594573,29.54728,-3.19855,-20.27716,0.06856,-2.77599,-0.69080,-0.08515,-0.00463,5,1.000,0
1620445860509873834,29.54728,-3.19855,-20.27717,0.06856,-2.77599,-0.69080,-0.08515,-0.00463,5,1.000,0
1620445860524764719,29.54728,-3.19855,-20.27716,0.06856,-2.77599,-0.69080,-0.08515,-0.00463,5,1.000,0
1620445860525741451,29.54728,-3.19855,-20.27717,0.06856,-2.77599,-0.69080,-0.08515,-0.00463,5,1.000,0
1620445860541430151,29.54728,-3.19855,-20.27716,0.06856,-2.77599,-0.69080,-0.08515,-0.00463,5,1.000,0
1620445860546721400,29.54728,-3.19855,-20.27717,0.06856,-2.77599,-0.69080,-0.08515,-0.00463,5,1.000,0
1620445860556580541,29.54728,-3.19855,-20.27716,0.06856,-2.77599,-0.69080,-0.08515,-0.00463,5,1.000,0
1620445860557556625,29.54728,-3.19855,-20.27717,0.06856,-2.77599,-0.69080,-0.08515,-0.00463,5,1.000,0
1620445860573538457,27.97844,-3.20129,-20.48900,0.04171,-2.75560,-0.41304,-0.08539,-0.00226,5,0.119,0
1620445860576629902,27.97844,-3.20130,-20.48900,0.04171,-2.75560,-0.41304,-0.08539,-0.00226,5,1.000,0
1620445860588693214,27.97844,-3.20129,-20.48900,0.04171,-2.75560,-0.41304,-0.08539,-0.00226,5,1.000,0
1620445860589478366,27.97844,-3.20130,-20.48900,0.04171,-2.75560,-0.41304,-0.08539,-0.00226,5,1.000,0
1620445860604705352,27.97844,-3.20129,-20.48900,0.04171,-2.75560,-0.41304,-0.08539,-0.00226,5,1.000,0
1620445860605558595,27.97844,-3.20130,-20.48900,0.04171,-2.75560,-0.41304,-0.08539,-0.00226,5,1.000,0
1620445860620603073,27.97844,-3.20129,-20.48900,0.04171,-2.75560,-0.41304,-0.08539,-0.00226,5,1.000,0
1620445860621384371,27.97844,-3.20130,-20.48900,0.04171,-2.75560,-0.41304,-0.08539,-0.00226,5,1.000,0
1620445860640096573,27.97844,-3.20129,-20.48900,0.04171,-2.75560,-0.41304,-0.08539,-0.00226,5,1.000,0
1620445860640901911,27.97844,-3.20130,-20.48900,0.04171,-2.75560,-0.41304,-0.08539,-0.00226,5,1.000,0
1620445860653263830,26.01518,-3.20201,-20.74920,0.02200,-2.73520,-0.23699,-0.08553,-0.00095,6,0.100,1
1620445860655573339,26.01518,-3.20201,-20.74920,0.02200,-2.73520,-0.23699,-0.08553,-0.00095,6,1.000,0
1620445860668734750,26.01518,-3.20201,-20.74920,0.02200,-2.73520,-0.23699,-0.08553,-0.00095,6,1.000,0
1620445860669540671,26.01518,-3.20201,-20.74920,0.02200,-2.73520,-0.23699,-0.08553,-0.00095,6,1.000,0
1620445860684755528,26.01518,-3.20201,-20.74920,0.02200,-2.73520,-0.23699,-0.08553,-0.00095,6,1.000,0
1620445860685623410,26.01518,-3.20201,-20.74920,0.02200,-2.73520,-0.23699,-0.08553,-0.00095,6,1.000,0
1620445860700510464,26.01518,-3.20201,-20.74920,0.02200,-2.73520,-0.23699,-0.08553,-0.00095,6,1.000,0
1620445860701342017,26.01518,-3.20201,-20.74920,0.02200,-2.73520,-0.23699,-0.08553,-0.00095,6,1.000,0
1620445860720350001,26.01518,-3.20201,-20.74920,0.02200,-2.73520,-0.23699,-0.08553,-0.00095,6,1.000,0
1620445860721156053,26.01518,-3.20201,-20.74920,0.02200,-2.73520,-0.23699,-0.08553,-0.00095,6,1.000,0
1620445860733485651,24.36357,-3.20191,-20.96410,0.01268,-2.71582,-0.13136,-0.08558,-0.00047,7,0.100,1
1620445860735800109,24.36357,-3.20191,-20.96411,0.01268,-2.71582,-0.13136,-0.08558,-0.00047,7,1.000,0
1620445860749946312,24.36357,-3.20191,-20.96410,0.01268,-2.71582,-0.13136,-0.08558,-0.00047,7,1.000,0
1620445860751185220,24.36357,-3.20191,-20.96411,0.01268,-2.71582,-0.13136,-0.08558,-0.00047,7,1.000,0
1620445860765718080,24.36357,-3.20191,-20.96410,0.01268,-2.71582,-0.13136,-0.08558,-0.00047,7,1.000,0
1620445860767109309,24.36357,-3.20191,-20.96411,0.01268,-2.71582,-0.13136,-0.08558,-0.00047,7,1.000,0
1620445860781628681,24.36357,-3.20191,-20.96410,0.01268,-2.71582,-0.13136,-0.08558,-0.00047,7,1.000,0
1620445860782460626,24.36357,-3.20191,-20.96411,0.01268,-2.71582,-0.13136,-0.08558,-0.00047,7,1.000,0
1620445860803715577,24.36357,-3.20191,-20.96410,0.01268,-2.71582,-0.13136,-0.08558,-0.00047,7,1.000,0
1620445860804555548,24.36357,-3.20191,-20.96411,0.01268,-2.71582,-0.13136,-0.08558,-0.00047,7,1.000,0
1620445860813527594,24.36357,-3.20191,-20.96410,0.01268,-2.71582,-0.13136,-0.08558,-0.00047,7,1.000,0
1620445860814331292,24.36357,-3.20191,-20.96411,0.01268,-2.71582,-0.13136,-0.08558,-0.00047,7,1.000,0
1620445860829655511,22.67607,-3.20169,-21.18010,0.00717,-2.69890,-0.07557,-0.08560,-0.00024,8,0.100,1
1620445860830684237,22.67607,-3.20169,-21.18010,0.00717,-2.69890,-0.07557,-0.08560,-0.00024,8,1.000,0
1620445860845553416,22.67607,-3.20169,-21.18010,0.00717,-2.69890,-0.07557,-0.08560,-0.00024,8,1.000,0
1620445860846385519,22.67607,-3.20169,-21.18010,0.00717,-2.69890,-0.07557,-0.08560,-0.00024,8,1.000,0
1620445860861756598,22.67607,-3.20169,-21.18010,0.00717,-2.69890,-0.07557,-0.08560,-0.00024,8,1.000,0
1620445860862581436,22.67607,-3.20169,-21.18010,0.00717,-2.69890,-0.07557,-0.08560,-0.00024,8,1.000,0
1620445860877730866,22.67607,-3.20169,-21.18010,0.00717,-2.69890,-0.07557,-0.08560,-0.00024,8,1.000,0
1620445860878569897,22.67607,-3.20169,-21.18010,0.00717,-2.69890,-0.07557,-0.08560,-0.00024,8,1.000,0
1620445860893521043,22.67607,-3.20169,-21.18010,0.00717,-2.69890,-0.07557,-0.08560,-0.00024,8,1.000,0
1620445860894325000,22.67607,-3.20169,-21.18010,0.00717,-2.69890,-0.07557,-0.08560,-0.00024,8,1.000,0
1620445860910659849,20.72806,-3.20152,-21.42519,0.00369,-2.68178,-0.04171,-0.08562,-0.00011,9,0.100,1
1620445860912471449,20.72806,-3.20152,-21.42519,0.00369,-2.68178,-0.04171,-0.08562,-0.00011,9,1.000,0
1620445860925525048,20.72806,-3.20152,-21.42519,0.00369,-2.68178,-0.04171,-0.08562,-0.00011,9,1.000,0
1620445860926336759,20.72806,-3.20152,-21.42519,0.00369,-2.68178,-0.04171,-0.08562,-0.00011,9,1.000,0
1620445860941537267,20.72806,-3.20152,-21.42519,0.00369,-2.68178,-0.04171,-0.08562,-0.00011,9,1.000,0
1620445860942378779,20.72806,-3.20152,-21.42519,0.00369,-2.68178,-0.04171,-0.08562,-0.00011,9,1.000,0
1620445860957525780,20.72806,-3.20152,-21.42519,0.00369,-2.68178,-0.04171,-0.08562,-0.00011,9,1.000,0
1620445860958333338,20.72806,-3.20152,-21.42519,0.00369,-2.68178,-0.04171,-0.08562,-0.00011,9,1.000,0
1620445860973559823,20.72806,-3.20152,-21.42519,0.00369,-2.68178,-0.04171,-0.08562,-0.00011,9,1.000,0
1620445860974448070,20.72806,-3.20152,-21.42519,0.00369,-2.68178,-0.04171,-0.08562,-0.00011,9,1.000,0
1620445860990736111,18.90018,-3.20142,-21.65118,0.00195,-2.66456,-0.02222,-0.08563,-0.00006,10,0.100,1
1620445860992160364,18.90018,-3.20142,-21.65119,0.00196,-2.66456,-0.02222,-0.08563,-0.00006,10,1.000,0
1620445861005591954,18.90018,-3.20142,-21.65118,0.00195,-2.66456,-0.02222,-0.08563,-0.00006,10,1.000,0
1620445861006541649,18.90018,-3.20142,-21.65119,0.00196,-2.66456,-0.02222,-0.08563,-0.00006,10,1.000,0
1620445861021529710,18.90018,-3.20142,-21.65118,0.00195,-2.66456,-0.02222,-0.08563,-0.00006,10,1.000,0
1620445861022376348,18.90018,-3.20142,-21.65119,0.00196,-2.66456,-0.02222,-0.08563,-0.00006,10,1.000,0
1620445861037679080,18.90018,-3.20142,-21.65118,0.00195,-2.66456,-0.02222,-0.08563,-0.00006,10,1.000,0
1620445861038770301,18.90018,-3.20142,-21.65119,0.00196,-2.66456,-0.02222,-0.08563,-0.00006,10,1.000,0
1620445861053539919,18.90018,-3.20142,-21.65118,0.00195,-2.66456,-0.02222,-0.08563,-0.00006,10,1.000,0
1620445861054352269,18.90018,-3.20142,-21.65119,0.00196,-2.66456,-0.02222,-0.08563,-0.00006,10,1.000,0
1620445861070103904,17.13611,-3.20132,-21.86584,0.00104,-2.64902,-0.01215,-0.08563,-0.00004,11,0.100,1
1620445861072322579,17.13611,-3.20133,-21.86584,0.00104,-2.64902,-0.01215,-0.08563,-0.00004,11,1.000,0
1620445861085672695,17.13611,-3.20132,-21.86584,0.00104,-2.64902,-0.01215,-0.08563,-0.00004,11,1.000,0
1620445861086829532,17.13611,-3.20133,-21.86584,0.00104,-2.64902,-0.01215,-0.08563,-0.00004,11,1.000,0
1620445861101554156,17.13611,-3.20132,-21.86584,0.00104,-2.64902,-0.01215,-0.08563,-0.00004,11,1.000,0
1620445861102393445,17.13611,-3.20133,-21.86584,0.00104,-2.64902,-0.01215,-0.08563,-0.00004,11,1.000,0
1620445861117583997,17.13611,-3.20132,-21.86584,0.00104,-2.64902,-0.01215,-0.08563,-0.00004,11,1.000,0
1620445861118387092,17.13611,-3.20133,-21.86584,0.00104,-2.64902,-0.01215,-0.08563,-0.00004,11,1.000,0
1620445861137165661,17.13611,-3.20132,-21.86584,0.00104,-2.64902,-0.01215,-0.08563,-0.00004,11,1.000,0
1620445861138032613,17.13611,-3.20133,-21.86584,0.00104,-2.64902,-0.01215,-0.08563,-0.00004,11,1.000,0
1620445861149802300,15.34795,-3.20128,-22.08010,0.00055,-2.63440,-0.00674,-0.08563,-0.00003,12,0.100,1
1620445861151829432,15.34795,-3.20128,-22.08011,0.00056,-2.63440,-0.00674,-0.08563,-0.00003,12,1.000,0
1620445861165695463,15.34795,-3.20128,-22.08010,0.00055,-2.63440,-0.00674,-0.08563,-0.00003,12,1.000,0
1620445861166850668,15.34795,-3.20128,-22.08011,0.00056,-2.63440,-0.00674,-0.08563,-0.00003,12,1.000,0
1620445861181999464,15.34795,-3.20128,-22.08010,0.00055,-2.63440,-0.00674,-0.08563,-0.00003,12,1.000,0
1620445861183128167,15.34795,-3.20128,-22.08011,0.00056,-2.63440,-0.00674,-0.08563,-0.00003,12,1.000,0
1620445861197906845,15.34795,-3.20128,-22.08010,0.00055,-2.63440,-0.00674,-0.08563,-0.00003,12,1.000,0
1620445861198978282,15.34795,-3.20128,-22.08011,0.00056,-2.63440,-0.00674,-0.08563,-0.00003,12,1.000,0
1620445861213996393,15.34795,-3.20128,-22.08010,0.00055,-2.63440,-0.00674,-0.08563,-0.00003,12,1.000,0
1620445861215105534,15.34795,-3.20128,-22.08011,0.00056,-2.63440,-0.00674,-0.08563,-0.00003,12,1.000,0
1620445861229884417,15.34795,-3.20128,-22.08010,0.00055,-2.63440,-0.00674,-0.08563,-0.00003,12,1.000,0
1620445861230973919,15.34795,-3.20128,-22.08011,0.00056,-2.63440,-0.00674,-0.08563,-0.00003,12,1.000,0
1620445861245626241,13.56874,-3.20126,-22.29013,0.00029,-2.62023,-0.00371,-0.08563,-0.00002,13,0.100,1
1620445861246618870,13.56874,-3.20127,-22.29013,0.00029,-2.62023,-0.00371,-0.08563,-0.00002,13,1.000,0
1620445861261241641,13.56874,-3.20126,-22.29013,0.00029,-2.62023,-0.00371,-0.08563,-0.00002,13,1.000,0
1620445861262535068,13.56874,-3.20127,-22.29013,0.00029,-2.62023,-0.00371,-0.08563,-0.00002,13,1.000,0
1620445861276511059,13.56874,-3.20126,-22.29013,0.00029,-2.62023,-0.00371,-0.08563,-0.00002,13,1.000,0
1620445861277350071,13.56874,-3.20127,-22.29013,0.00029,-2.62023,-0.00371,-0.08563,-0.00002,13,1.000,0
1620445861298593654,13.56874,-3.20126,-22.29013,0.00029,-2.62023,-0.00371,-0.08563,-0.00002,13,1.000,0
1620445861299508232,13.56874,-3.20127,-22.29013,0.00029,-2.62023,-0.00371,-0.08563,-0.00002,13,1.000,0
1620445861308875692,13.56874,-3.20126,-22.29013,0.00029,-2.62023,-0.00371,-0.08563,-0.00002,13,1.000,0
1620445861309677586,13.56874,-3.20127,-22.29013,0.00029,-2.62023,-0.00371,-0.08563,-0.00002,13,1.000,0
1620445861325076827,11.67961,-3.20128,-22.50982,0.00016,-2.60630,-0.00205,-0.08564,-0.00002,14,0.100,1
1620445861326122515,11.67961,-3.20128,-22.50982,0.00016,-2.60630,-0.00205,-0.08564,-0.00002,14,1.000,0
1620445861340771591,11.67961,-3.20128,-22.50982,0.00016,-2.60630,-0.00205,-0.08564,-0.00002,14,1.000,0
1620445861341680871,11.67961,-3.20128,-22.50982,0.00016,-2.60630,-0.00205,-0.08564,-0.00002,14,1.000,0
1620445861356813259,11.67961,-3.20128,-22.50982,0.00016,-2.60630,-0.00205,-0.08564,-0.00002,14,1.000,0
1620445861357703582,11.67961,-3.20128,-22.50982,0.00016,-2.60630,-0.00205,-0.08564,-0.00002,14,1.000,0
1620445861379859562,11.67961,-3.20128,-22.50982,0.00016,-2.60630,-0.00205,-0.08564,-0.00002,14,1.000,0
1620445861380805652,11.67961,-3.20128,-22.50982,0.00016,-2.60630,-0.00205,-0.08564,-0.00002,14,1.000,0
1620445861388775860,11.67961,-3.20128,-22.50982,0.00016,-2.60630,-0.00205,-0.08564,-0.00002,14,1.000,0
1620445861389927757,11.67961,-3.20128,-22.50982,0.00016,-2.60630,-0.00205,-0.08564,-0.00002,14,1.000,0
1620445861405154958,9.80603,-3.20126,-22.72445,0.00009,-2.59234,-0.00115,-0.08564,-0.00001,15,0.100,1
1620445861406596481,9.80603,-3.20126,-22.72445,0.00009,-2.59234,-0.00115,-0.08564,-0.00001,15,1.000,0
1620445861420880361,9.80603,-3.20126,-22.72445,0.00009,-2.59234,-0.00115,-0.08564,-0.00001,15,1.000,0
1620445861421814039,9.80603,-3.20126,-22.72445,0.00009,-2.59234,-0.00115,-0.08564,-0.00001,15,1.000,0
1620445861436890710,9.80603,-3.20126,-22.72445,0.00009,-2.59234,-0.00115,-0.08564,-0.00001,15,1.000,0
1620445861437862227,9.80603,-3.20126,-22.72445,0.00009,-2.59234,-0.00115,-0.08564,-0.00001,15,1.000,0
1620445861453267544,9.80603,-3.20126,-22.72445,0.00009,-2.59234,-0.00115,-0.08564,-0.00001,15,1.000,0
1620445861454936153,9.80603,-3.20126,-22.72445,0.00009,-2.59234,-0.00115,-0.08564,-0.00001,15,1.000,0
1620445861468670237,9.80603,-3.20126,-22.72445,0.00009,-2.59234,-0.00115,-0.08564,-0.00001,15,1.000,0
1620445861469541718,9.80603,-3.20126,-22.72445,0.00009,-2.59234,-0.00115,-0.08564,-0.00001,15,1.000,0
1620445861485740697,7.89956,-3.20126,-22.93963,0.00006,-2.57840,-0.00074,-0.08564,-0.00001,16,0.100,1
1620445861487249786,7.89956,-3.20126,-22.93963,0.00006,-2.57840,-0.00074,-0.08564,-0.00001,16,1.000,0
1620445861500840244,7.89956,-3.20126,-22.93963,0.00006,-2.57840,-0.00074,-0.08564,-0.00001,16,1.000,0
1620445861501796275,7.89956,-3.20126,-22.93963,0.00006,-2.57840,-0.00074,-0.08564,-0.00001,16,1.000,0
1620445861516917584,7.89956,-3.20126,-22.93963,0.00006,-2.57840,-0.00074,-0.08564,-0.00001,16,1.000,0
1620445861517861639,7.89956,-3.20126,-22.93963,0.00006,-2.57840,-0.00074,-0.08564,-0.00001,16,1.000,0
1620445861532916944,7.89956,-3.20126,-22.93963,0.00006,-2.57840,-0.00074,-0.08564,-0.00001,16,1.000,0
1620445861533832396,7.89956,-3.20126,-22.93963,0.00006,-2.57840,-0.00074,-0.08564,-0.00001,16,1.000,0
1620445861548845230,7.89956,-3.20126,-22.93963,0.00006,-2.57840,-0.00074,-0.08564,-0.00001,16,1.000,0
1620445861549800249,7.89956,-3.20126,-22.93963,0.00006,-2.57840,-0.00074,-0.08564,-0.00001,16,1.000,0
1620445861564616442,7.89956,-3.20126,-22.93963,0.00006,-2.57840,-0.00074,-0.08564,-0.00001,16,1.000,0
1620445861565522472,7.89956,-3.20126,-22.93963,0.00006,-2.57840,-0.00074,-0.08564,-0.00001,16,1.000,0
1620445861580993044,6.08340,-3.11037,-23.10798,0.15146,-2.11209,5.47248,-0.07302,0.29203,17,0.100,1
1620445861581915212,6.08340,-3.11037,-23.10798,0.15146,-2.11209,5.47248,-0.07302,0.29203,17,1.000,0
1620445861596978452,6.08340,-3.11037,-23.10798,0.15146,-2.11209,5.47248,-0.07302,0.29203,17,1.000,0
1620445861598151459,6.08340,-3.11037,-23.10798,0.15146,-2.11209,5.47248,-0.07302,0.29203,17,1.000,0
1620445861612749208,6.08340,-3.11037,-23.10798,0.15146,-2.11209,5.47248,-0.07302,0.29203,17,1.000,0
1620445861613672687,6.08340,-3.11037,-23.10798,0.15146,-2.11209,5.47248,-0.07302,0.29203,17,1.000,0
1620445861632074571,6.08340,-3.11037,-23.10798,0.15146,-2.11209,5.47248,-0.07302,0.29203,17,1.000,0
1620445861632939926,6.08340,-3.11037,-23.10798,0.15146,-2.11209,5.47248,-0.07302,0.29203,17,1.000,0
1620445861644540415,6.08340,-3.11037,-23.10798,0.15146,-2.11209,5.47248,-0.07302,0.29203,17,1.000,0
1620445861645350069,6.08340,-3.11037,-23.10798,0.15146,-2.11209,5.47248,-0.07302,0.29203,17,1.000,0
1620445861660850221,4.07953,-3.02516,-23.33459,-0.22942,-2.56812,0.58397,-0.05429,0.14767,18,0.100,1
1620445861662040320,4.07953,-3.02516,-23.33459,-0.22942,-2.56812,0.58397,-0.05429,0.14767,18,1.000,0
1620445861677113703,4.07953,-3.02516,-23.33459,-0.22942,-2.56812,0.58397,-0.05429,0.14767,18,1.000,0
1620445861678525816,4.07953,-3.02516,-23.33459,-0.22942,-2.56812,0.58397,-0.05429,0.14767,18,1.000,0
1620445861692608364,4.07953,-3.02516,-23.33459,-0.22942,-2.56812,0.58397,-0.05429,0.14767,18,1.000,0
1620445861693679495,4.07953,-3.02516,-23.33459,-0.22942,-2.56812,0.58397,-0.05429,0.14767,18,1.000,0
1620445861712100815,4.07953,-3.02516,-23.33459,-0.22942,-2.56812,0.58397,-0.05429,0.14767,18,1.000,0
1620445861712852244,4.07953,-3.02516,-23.33459,-0.22942,-2.56812,0.58397,-0.05429,0.14767,18,1.000,0
1620445861724705256,4.07953,-3.02516,-23.33459,-0.22942,-2.56812,0.58397,-0.05429,0.14767,18,1.000,0
1620445861725672554,4.07953,-3.02516,-23.33459,-0.22942,-2.56812,0.58397,-0.05429,0.14767,18,1.000,0
1620445861741069490,2.24236,-3.02206,-23.53478,-0.28994,-2.55461,1.65759,-0.04606,0.07646,19,0.100,1
1620445861742256338,2.24236,-3.02206,-23.53478,-0.28993,-2.55461,1.65759,-0.04606,0.07646,19,1.000,0
1620445861757583019,2.24236,-3.02206,-23.53478,-0.28994,-2.55461,1.65759,-0.04606,0.07646,19,1.000,0
1620445861758348128,2.24236,-3.02206,-23.53478,-0.28993,-2.55461,1.65759,-0.04606,0.07646,19,1.000,0
1620445861773501640,2.24236,-3.02206,-23.53478,-0.28994,-2.55461,1.65759,-0.04606,0.07646,19,1.000,0
1620445861774238486,2.24236,-3.02206,-23.53478,-0.28993,-2.55461,1.65759,-0.04606,0.07646,19,1.000,0
1620445861789618167,2.24236,-3.02206,-23.53478,-0.28994,-2.55461,1.65759,-0.04606,0.07646,19,1.000,0
1620445861790445387,2.24236,-3.02206,-23.53478,-0.28993,-2.55461,1.65759,-0.04606,0.07646,19,1.000,0
1620445861812083037,2.24236,-3.02206,-23.53478,-0.28994,-2.55461,1.65759,-0.04606,0.07646,19,1.000,0
1620445861812890772,2.24236,-3.02206,-23.53478,-0.28993,-2.55461,1.65759,-0.04606,0.07646,19,1.000,0
1620445861823089486,0.24781,-3.04010,-23.74903,-0.25123,-2.54172,1.70325,-0.04156,0.03818,20,0.100,1
1620445861824684060,0.24781,-3.04010,-23.74903,-0.25123,-2.54172,1.70325,-0.04156,0.03818,20,1.000,0
1620445861837742599,0.24781,-3.04010,-23.74903,-0.25123,-2.54172,1.70325,-0.04156,0.03818,20,1.000,0
1620445861838842773,0.24781,-3.04010,-23.74903,-0.25123,-2.54172,1.70325,-0.04156,0.03818,20,1.000,0
1620445861853874429,0.24781,-3.04010,-23.74903,-0.25123,-2.54172,1.70325,-0.04156,0.03818,20,1.000,0
1620445861854841908,0.24781,-3.04010,-23.74903,-0.25123,-2.54172,1.70325,-0.04156,0.03818,20,1.000,0
1620445861869570673,0.24781,-3.04010,-23.74903,-0.25123,-2.54172,1.70325,-0.04156,0.03818,20,1.000,0
1620445861870388364,0.24781,-3.04010,-23.74903,-0.25123,-2.54172,1.70325,-0.04156,0.03818,20,1.000,0
1620445861889161603,0.24781,-3.04010,-23.74903,-0.25123,-2.54172,1.70325,-0.04156,0.03818,20,1.000,0
1620445861890346200,0.24781,-3.04010,-23.74903,-0.25123,-2.54172,1.70325,-0.04156,0.03818,20,1.000,0
1620445861901708319,0.24781,-3.04010,-23.74903,-0.25123,-2.54172,1.70325,-0.04156,0.03818,20,1.000,0
1620445861902928848,0.24781,-3.04010,-23.74903,-0.25123,-2.54172,1.70325,-0.04156,0.03818,20,1.000,0
1620445861917989133,-1.81101,-3.06082,-23.96742,-0.18705,-2.53098,1.36729,-0.03928,0.01890,21,0.100,1
1620445861919486198,-1.81101,-3.06082,-23.96743,-0.18705,-2.53098,1.36729,-0.03928,0.01890,21,1.000,0
1620445861933781852,-1.81101,-3.06082,-23.96742,-0.18705,-2.53098,1.36729,-0.03928,0.01890,21,1.000,0
1620445861935048874,-1.81101,-3.06082,-23.96743,-0.18705,-2.53098,1.36729,-0.03928,0.01890,21,1.000,0
1620445861949651349,-1.81101,-3.06082,-23.96742,-0.18705,-2.53098,1.36729,-0.03928,0.01890,21,1.000,0
1620445861950462060,-1.81101,-3.06082,-23.96743,-0.18705,-2.53098,1.36729,-0.03928,0.01890,21,1.000,0
1620445861966330036,-1.81101,-3.06082,-23.96742,-0.18705,-2.53098,1.36729,-0.03928,0.01890,21,1.000,0
1620445861971540643,-1.81101,-3.06082,-23.96743,-0.18705,-2.53098,1.36729,-0.03928,0.01890,21,1.000,0
1620445861981581552,-1.81101,-3.06082,-23.96742,-0.18705,-2.53098,1.36729,-0.03928,0.01890,21,1.000,0
1620445861982425455,-1.81101,-3.06082,-23.96743,-0.18705,-2.53098,1.36729,-0.03928,0.01890,21,1.000,0
1620445861998607788,-3.78075,-3.11302,-24.13298,-0.00023,-2.04029,6.41531,-0.02466,0.30858,22,0.100,1
1620445862000472080,-3.78075,-3.11302,-24.13298,-0.00023,-2.04029,6.41531,-0.02466,0.30858,22,1.000,0
1620445862013510779,-3.78075,-3.11302,-24.13298,-0.00023,-2.04029,6.41531,-0.02466,0.30858,22,1.000,0
1620445862014353216,-3.78075,-3.11302,-24.13298,-0.00023,-2.04029,6.41531,-0.02466,0.30858,22,1.000,0
1620445862029507016,-3.78075,-3.11302,-24.13298,-0.00023,-2.04029,6.41531,-0.02466,0.30858,22,1.000,0
1620445862030376351,-3.78075,-3.11302,-24.13298,-0.00023,-2.04029,6.41531,-0.02466,0.30858,22,1.000,0
1620445862045552027,-3.78075,-3.11302,-24.13298,-0.00023,-2.04029,6.41531,-0.02466,0.30858,22,1.000,0
1620445862046393237,-3.78075,-3.11302,-24.13298,-0.00023,-2.04029,6.41531,-0.02466,0.30858,22,1.000,0
1620445862061523848,-3.78075,-3.11302,-24.13298,-0.00023,-2.04029,6.41531,-0.02466,0.30858,22,1.000,0
1620445862062312296,-3.78075,-3.11302,-24.13298,-0.00023,-2.04029,6.41531,-0.02466,0.30858,22,1.000,0
1620445862078902314,-5.89927,-3.23470,-24.35532,-0.36219,-2.52614,1.44658,-0.00426,0.16042,23,0.100,1
1620445862080353879,-5.89927,-3.23470,-24.35532,-0.36219,-2.52614,1.44658,-0.00426,0.16042,23,1.000,0
1620445862093578244,-5.89927,-3.23470,-24.35532,-0.36219,-2.52614,1.44658,-0.00426,0.16042,23,1.000,0
1620445862094487182,-5.89927,-3.23470,-24.35532,-0.36219,-2.52614,1.44658,-0.00426,0.16042,23,1.000,0
1620445862109538411,-5.89927,-3.23470,-24.35532,-0.36219,-2.52614,1.44658,-0.00426,0.16042,23,1.000,0
1620445862110357694,-5.89927,-3.23470,-24.35532,-0.36219,-2.52614,1.44658,-0.00426,0.16042,23,1.000,0
1620445862125496222,-5.89927,-3.23470,-24.35532,-0.36219,-2.52614,1.44658,-0.00426,0.16042,23,1.000,0
1620445862126281018,-5.89927,-3.23470,-24.35532,-0.36219,-2.52614,1.44658,-0.00426,0.16042,23,1.000,0
1620445862147272249,-5.89927,-3.23470,-24.35532,-0.36219,-2.52614,1.44658,-0.00426,0.16042,23,1.000,0
1620445862148076583,-5.89927,-3.23470,-24.35532,-0.36219,-2.52614,1.44658,-0.00426,0.16042,23,1.000,0
1620445862158440881,-7.85256,-3.33195,-24.55410,-0.40016,-2.50604,2.32252,0.00503,0.08511,24,0.100,1
1620445862160347659,-7.85256,-3.33195,-24.55410,-0.40016,-2.50604,2.32252,0.00503,0.08511,24,1.000,0
1620445862173663964,-7.85256,-3.33195,-24.55410,-0.40016,-2.50604,2.32252,0.00503,0.08511,24,1.000,0
1620445862174618509,-7.85256,-3.33195,-24.55410,-0.40016,-2.50604,2.32252,0.00503,0.08511,24,1.000,0
1620445862189517236,-7.85256,-3.33195,-24.55410,-0.40016,-2.50604,2.32252,0.00503,0.08511,24,1.000,0
1620445862190358957,-7.85256,-3.33195,-24.55410,-0.40016,-2.50604,2.32252,0.00503,0.08511,24,1.000,0
1620445862205571663,-7.85256,-3.33195,-24.55410,-0.40016,-2.50604,2.32252,0.00503,0.08511,24,1.000,0
1620445862206330167,-7.85256,-3.33195,-24.55410,-0.40016,-2.50604,2.32252,0.00503,0.08511,24,1.000,0
1620445862225284572,-7.85256,-3.33195,-24.55410,-0.40016,-2.50604,2.32252,0.00503,0.08511,24,1.000,0
1620445862226093118,-7.85256,-3.33195,-24.55410,-0.40016,-2.50604,2.32252,0.00503,0.08511,24,1.000,0
1620445862238211897,-9.84643,-3.40672,-24.75505,-0.34033,-2.49332,2.22848,0.00999,0.04520,25,0.100,1
1620445862240035322,-9.84643,-3.40672,-24.75505,-0.34033,-2.49332,2.22848,0.00999,0.04520,25,1.000,0
1620445862253627377,-9.84643,-3.40672,-24.75505,-0.34033,-2.49332,2.22848,0.00999,0.04520,25,1.000,0
1620445862254510628,-9.84643,-3.40672,-24.75505,-0.34033,-2.49332,2.22848,0.00999,0.04520,25,1.000,0
1620445862268592862,-9.84643,-3.40672,-24.75505,-0.34033,-2.49332,2.22848,0.00999,0.04520,25,1.000,0
1620445862269396899,-9.84643,-3.40672,-24.75505,-0.34033,-2.49332,2.22848,0.00999,0.04520,25,1.000,0
1620445862284579799,-9.84643,-3.40672,-24.75505,-0.34033,-2.49332,2.22848,0.00999,0.04520,25,1.000,0
1620445862285377156,-9.84643,-3.40672,-24.75505,-0.34033,-2.49332,2.22848,0.00999,0.04520,25,1.000,0
1620445862300571952,-9.84643,-3.40672,-24.75505,-0.34033,-2.49332,2.22848,0.00999,0.04520,25,1.000,0
1620445862301364890,-9.84643,-3.40672,-24.75505,-0.34033,-2.49332,2.22848,0.00999,0.04520,25,1.000,0
1620445862320138237,-9.84643,-3.40672,-24.75505,-0.34033,-2.49332,2.22848,0.00999,0.04520,25,1.000,0
1620445862320941967,-9.84643,-3.40672,-24.75505,-0.34033,-2.49332,2.22848,0.00999,0.04520,25,1.000,0
1620445862333275031,-11.79902,-3.59076,-24.90775,-0.13587,-1.98923,7.10712,0.02490,0.30949,26,0.100,1
1620445862334565014,-11.79902,-3.59076,-24.90775,-0.13587,-1.98923,7.10712,0.02490,0.30949,26,1.000,0
1620445862348643457,-11.79902,-3.59076,-24.90775,-0.13587,-1.98923,7.10712,0.02490,0.30949,26,1.000,0
1620445862349524492,-11.79902,-3.59076,-24.90775,-0.13587,-1.98923,7.10712,0.02490,0.30949,26,1.000,0
1620445862364681018,-11.79902,-3.59076,-24.90775,-0.13587,-1.98923,7.10712,0.02490,0.30949,26,1.000,0
1620445862365539338,-11.79902,-3.59076,-24.90775,-0.13587,-1.98923,7.10712,0.02490,0.30949,26,1.000,0
1620445862381377778,-11.79902,-3.59076,-24.90775,-0.13587,-1.98923,7.10712,0.02490,0.30949,26,1.000,0
1620445862383246299,-11.79902,-3.59076,-24.90775,-0.13587,-1.98923,7.10712,0.02490,0.30949,26,1.000,0
1620445862396639464,-11.79902,-3.59076,-24.90775,-0.13587,-1.98923,7.10712,0.02490,0.30949,26,1.000,0
1620445862397660854,-11.79902,-3.59076,-24.90775,-0.13587,-1.98923,7.10712,0.02490,0.30949,26,1.000,0
1620445862413275107,-14.00616,-3.89409,-25.12761,-0.46508,-2.49858,2.09095,0.04579,0.16352,27,0.100,1
1620445862415361860,-14.00616,-3.89409,-25.12761,-0.46508,-2.49858,2.09095,0.04579,0.16352,27,1.000,0
1620445862428669628,-14.00616,-3.89409,-25.12761,-0.46508,-2.49858,2.09095,0.04579,0.16352,27,1.000,0
1620445862429474437,-14.00616,-3.89409,-25.12761,-0.46508,-2.49858,2.09095,0.04579,0.16352,27,1.000,0
1620445862444786485,-14.00616,-3.89409,-25.12761,-0.46508,-2.49858,2.09095,0.04579,0.16352,27,1.000,0
1620445862445639641,-14.00616,-3.89409,-25.12761,-0.46508,-2.49858,2.09095,0.04579,0.16352,27,1.000,0
1620445862460658484,-14.00616,-3.89409,-25.12761,-0.46508,-2.49858,2.09095,0.04579,0.16352,27,1.000,0
1620445862461502506,-14.00616,-3.89409,-25.12761,-0.46508,-2.49858,2.09095,0.04579,0.16352,27,1.000,0
1620445862477084394,-14.00616,-3.89409,-25.12761,-0.46508,-2.49858,2.09095,0.04579,0.16352,27,1.000,0
1620445862478566634,-14.00616,-3.89409,-25.12761,-0.46508,-2.49858,2.09095,0.04579,0.16352,27,1.000,0
1620445862492578848,-14.00616,-3.89409,-25.12761,-0.46508,-2.49858,2.09095,0.04579,0.16352,27,1.000,0
1620445862493404075,-14.00616,-3.89409,-25.12761,-0.46508,-2.49858,2.09095,0.04579,0.16352,27,1.000,0
1620445862509095119,-16.03511,-4.07965,-25.32389,-0.48030,-2.46522,2.75977,0.05539,0.08532,28,0.100,1
1620445862510637763,-16.03511,-4.07965,-25.32390,-0.48030,-2.46522,2.75977,0.05539,0.08532,28,1.000,0
1620445862524601568,-16.03511,-4.07965,-25.32389,-0.48030,-2.46522,2.75977,0.05539,0.08532,28,1.000,0
1620445862525511327,-16.03511,-4.07965,-25.32390,-0.48030,-2.46522,2.75977,0.05539,0.08532,28,1.000,0
1620445862540599157,-16.03511,-4.07965,-25.32389,-0.48030,-2.46522,2.75977,0.05539,0.08532,28,1.000,0
1620445862541460913,-16.03511,-4.07965,-25.32390,-0.48030,-2.46522,2.75977,0.05539,0.08532,28,1.000,0
1620445862557276665,-16.03511,-4.07965,-25.32389,-0.48030,-2.46522,2.75977,0.05539,0.08532,28,1.000,0
1620445862562904892,-16.03511,-4.07965,-25.32390,-0.48030,-2.46522,2.75977,0.05539,0.08532,28,1.000,0
1620445862572608362,-16.03511,-4.07965,-25.32389,-0.48030,-2.46522,2.75977,0.05539,0.08532,28,1.000,0
1620445862573592270,-16.03511,-4.07965,-25.32390,-0.48030,-2.46522,2.75977,0.05539,0.08532,28,1.000,0
1620445862589255741,-18.41930,-4.21785,-25.55403,-0.38477,-2.46533,2.51447,0.06101,0.04190,29,0.100,1
1620445862591146537,-18.41931,-4.21785,-25.55404,-0.38477,-2.46533,2.51447,0.06101,0.04190,29,1.000,0
1620445862604809737,-18.41930,-4.21785,-25.55403,-0.38477,-2.46533,2.51447,0.06101,0.04190,29,1.000,0
1620445862605906700,-18.41931,-4.21785,-25.55404,-0.38477,-2.46533,2.51447,0.06101,0.04190,29,1.000,0
1620445862620712500,-18.41930,-4.21785,-25.55403,-0.38477,-2.46533,2.51447,0.06101,0.04190,29,1.000,0
1620445862621600095,-18.41931,-4.21785,-25.55404,-0.38477,-2.46533,2.51447,0.06101,0.04190,29,1.000,0
1620445862636702817,-18.41930,-4.21785,-25.55403,-0.38477,-2.46533,2.51447,0.06101,0.04190,29,1.000,0
1620445862637960704,-18.41931,-4.21785,-25.55404,-0.38477,-2.46533,2.51447,0.06101,0.04190,29,1.000,0
1620445862653158605,-18.41930,-4.21785,-25.55403,-0.38477,-2.46533,2.51447,0.06101,0.04190,29,1.000,0
1620445862658036443,-18.41931,-4.21785,-25.55404,-0.38477,-2.46533,2.51447,0.06101,0.04190,29,1.000,0
1620445862668600402,-18.41930,-4.21785,-25.55403,-0.38477,-2.46533,2.51447,0.06101,0.04190,29,1.000,0
1620445862669609338,-18.41931,-4.21785,-25.55404,-0.38477,-2.46533,2.51447,0.06101,0.04190,29,1.000,0
1620445862684988393,-20.56871,-4.30020,-25.75801,-0.29300,-2.43643,1.93065,0.06378,0.02444,30,0.100,1
1620445862686157547,-20.56871,-4.30020,-25.75801,-0.29300,-2.43643,1.93065,0.06378,0.02444,30,1.000,0
1620445862700604929,-20.56871,-4.30020,-25.75801,-0.29300,-2.43643,1.93065,0.06378,0.02444,30,1.000,0
1620445862701510914,-20.56871,-4.30020,-25.75801,-0.29300,-2.43643,1.93065,0.06378,0.02444,30,1.000,0
1620445862716580750,-20.56871,-4.30020,-25.75801,-0.29300,-2.43643,1.93065,0.06378,0.02444,30,1.000,0
1620445862717449210,-20.56871,-4.30020,-25.75801,-0.29300,-2.43643,1.93065,0.06378,0.02444,30,1.000,0
1620445862736434563,-20.56871,-4.30020,-25.75801,-0.29300,-2.43643,1.93065,0.06378,0.02444,30,1.000,0
1620445862737569147,-20.56871,-4.30020,-25.75801,-0.29300,-2.43643,1.93065,0.06378,0.02444,30,1.000,0
1620445862749517521,-20.56871,-4.30020,-25.75801,-0.29300,-2.43643,1.93065,0.06378,0.02444,30,1.000,0
1620445862750290489,-20.56871,-4.30020,-25.75801,-0.29300,-2.43643,1.93065,0.06378,0.02444,30,1.000,0
1620445862765675440,-22.88249,-4.35555,-25.97616,-0.20364,-2.43837,1.43843,0.06532,0.01250,31,0.100,1
1620445862766498053,-22.88249,-4.35554,-25.97616,-0.20364,-2.43837,1.43843,0.06532,0.01250,31,1.000,0
1620445862781514146,-22.88249,-4.35555,-25.97616,-0.20364,-2.43837,1.43843,0.06532,0.01250,31,1.000,0
1620445862782326954,-22.88249,-4.35554,-25.97616,-0.20364,-2.43837,1.43843,0.06532,0.01250,31,1.000,0
1620445862797556260,-22.88249,-4.35555,-25.97616,-0.20364,-2.43837,1.43843,0.06532,0.01250,31,1.000,0
1620445862798399678,-22.88249,-4.35554,-25.97616,-0.20364,-2.43837,1.43843,0.06532,0.01250,31,1.000,0
1620445862820588803,-22.88249,-4.35555,-25.97616,-0.20364,-2.43837,1.43843,0.06532,0.01250,31,1.000,0
1620445862821440070,-22.88249,-4.35554,-25.97616,-0.20364,-2.43837,1.43843,0.06532,0.01250,31,1.000,0
1620445862829508681,-22.88249,-4.35555,-25.97616,-0.20364,-2.43837,1.43843,0.06532,0.01250,31,1.000,0
1620445862830337194,-22.88249,-4.35554,-25.97616,-0.20364,-2.43837,1.43843,0.06532,0.01250,31,1.000,0
1620445862845615895,-24.88615,-4.38570,-26.16248,-0.14443,-2.42349,1.00846,0.06603,0.00708,32,0.100,1
1620445862846591106,-24.88616,-4.38569,-26.16248,-0.14442,-2.42349,1.00846,0.06603,0.00708,32,1.000,0
1620445862861772709,-24.88615,-4.38570,-26.16248,-0.14443,-2.42349,1.00846,0.06603,0.00708,32,1.000,0
1620445862862820703,-24.88616,-4.38569,-26.16248,-0.14442,-2.42349,1.00846,0.06603,0.00708,32,1.000,0
1620445862877523136,-24.88615,-4.38570,-26.16248,-0.14443,-2.42349,1.00846,0.06603,0.00708,32,1.000,0
1620445862878292466,-24.88616,-4.38569,-26.16248,-0.14442,-2.42349,1.00846,0.06603,0.00708,32,1.000,0
1620445862900409862,-24.88615,-4.38570,-26.16248,-0.14443,-2.42349,1.00846,0.06603,0.00708,32,1.000,0
1620445862901220237,-24.88616,-4.38569,-26.16248,-0.14442,-2.42349,1.00846,0.06603,0.00708,32,1.000,0
1620445862910217712,-26.90906,-4.40544,-26.34807,-0.10038,-2.40848,0.70819,0.06643,0.00403,33,0.100,1
1620445862911849917,-26.90907,-4.40544,-26.34807,-0.10037,-2.40848,0.70819,0.06643,0.00403,33,1.000,0
1620445862925624678,-26.90906,-4.40544,-26.34807,-0.10038,-2.40848,0.70819,0.06643,0.00403,33,1.000,0
1620445862926536016,-26.90907,-4.40544,-26.34807,-0.10037,-2.40848,0.70819,0.06643,0.00403,33,1.000,0
1620445862941690857,-26.90906,-4.40544,-26.34807,-0.10038,-2.40848,0.70819,0.06643,0.00403,33,1.000,0
1620445862942522415,-26.90907,-4.40544,-26.34807,-0.10037,-2.40848,0.70819,0.06643,0.00403,33,1.000,0
1620445862958500974,-26.90906,-4.40544,-26.34807,-0.10038,-2.40848,0.70819,0.06643,0.00403,33,1.000,0
1620445862966697442,-26.90907,-4.40544,-26.34807,-0.10037,-2.40848,0.70819,0.06643,0.00403,33,1.000,0
1620445862973673076,-26.90906,-4.40544,-26.34807,-0.10038,-2.40848,0.70819,0.06643,0.00403,33,1.000,0
1620445862974592869,-26.90907,-4.40544,-26.34807,-0.10037,-2.40848,0.70819,0.06643,0.00403,33,1.000,0
1620445862989857491,-28.90964,-4.41814,-26.52915,-0.06928,-2.39327,0.48996,0.06666,0.00233,34,0.100,1
1620445862990687495,-28.90964,-4.41813,-26.52916,-0.06928,-2.39327,0.48996,0.06666,0.00233,34,1.000,0
1620445863005554384,-28.90964,-4.41814,-26.52915,-0.06928,-2.39327,0.48996,0.06666,0.00233,34,1.000,0
1620445863006552033,-28.90964,-4.41813,-26.52916,-0.06928,-2.39327,0.48996,0.06666,0.00233,34,1.000,0
1620445863021546805,-28.90964,-4.41814,-26.52915,-0.06928,-2.39327,0.48996,0.06666,0.00233,34,1.000,0
1620445863022346574,-28.90964,-4.41813,-26.52916,-0.06928,-2.39327,0.48996,0.06666,0.00233,34,1.000,0
1620445863041455475,-28.90964,-4.41814,-26.52915,-0.06928,-2.39327,0.48996,0.06666,0.00233,34,1.000,0
1620445863042285334,-28.90964,-4.41813,-26.52916,-0.06928,-2.39327,0.48996,0.06666,0.00233,34,1.000,0
1620445863053701076,-28.90964,-4.41814,-26.52915,-0.06928,-2.39327,0.48996,0.06666,0.00233,34,1.000,0
1620445863054533012,-28.90964,-4.41813,-26.52916,-0.06928,-2.39327,0.48996,0.06666,0.00233,34,1.000,0
1620445863069770138,-30.85367,-4.42625,-26.70284,-0.04801,-2.37831,0.33816,0.06679,0.00139,35,0.100,1
1620445863071095845,-30.85367,-4.42625,-26.70284,-0.04800,-2.37831,0.33816,0.06679,0.00139,35,1.000,0
1620445863085532517,-30.85367,-4.42625,-26.70284,-0.04801,-2.37831,0.33816,0.06679,0.00139,35,1.000,0
1620445863086338039,-30.85367,-4.42625,-26.70284,-0.04800,-2.37831,0.33816,0.06679,0.00139,35,1.000,0
1620445863101572495,-30.85367,-4.42625,-26.70284,-0.04801,-2.37831,0.33816,0.06679,0.00139,35,1.000,0
1620445863102449323,-30.85367,-4.42625,-26.70284,-0.04800,-2.37831,0.33816,0.06679,0.00139,35,1.000,0
1620445863121194556,-30.85367,-4.42625,-26.70284,-0.04801,-2.37831,0.33816,0.06679,0.00139,35,1.000,0
1620445863122001015,-30.85367,-4.42625,-26.70284,-0.04800,-2.37831,0.33816,0.06679,0.00139,35,1.000,0
1620445863133799637,-30.85367,-4.42625,-26.70284,-0.04801,-2.37831,0.33816,0.06679,0.00139,35,1.000,0
1620445863135622074,-32.95845,-4.43193,-26.88844,-0.03204,-2.36362,0.23058,0.06687,0.00079,36,0.100,1
1620445863149681341,-32.95845,-4.43193,-26.88844,-0.03204,-2.36362,0.23058,0.06687,0.00079,36,1.000,0
1620445863150824722,-32.95845,-4.43193,-26.88844,-0.03204,-2.36362,0.23058,0.06687,0.00079,36,1.000,0
1620445863166137367,-32.95845,-4.43193,-26.88844,-0.03204,-2.36362,0.23058,0.06687,0.00079,36,1.000,0
1620445863167317009,-32.95845,-4.43193,-26.88844,-0.03204,-2.36362,0.23058,0.06687,0.00079,36,1.000,0
1620445863181869930,-32.95845,-4.43193,-26.88844,-0.03204,-2.36362,0.23058,0.06687,0.00079,36,1.000,0
1620445863182898140,-32.95845,-4.43193,-26.88844,-0.03204,-2.36362,0.23058,0.06687,0.00079,36,1.000,0
1620445863201472541,-32.95845,-4.43193,-26.88844,-0.03204,-2.36362,0.23058,0.06687,0.00079,36,1.000,0
1620445863202546433,-32.95845,-4.43193,-26.88844,-0.03204,-2.36362,0.23058,0.06687,0.00079,36,1.000,0
1620445863214367174,-32.95845,-4.43193,-26.88844,-0.03204,-2.36362,0.23058,0.06687,0.00079,36,1.000,0
1620445863215728848,-34.95958,-4.43544,-27.06267,-0.02176,-2.34925,0.15475,0.06691,0.00047,37,0.100,1
1620445863229684257,-34.95958,-4.43544,-27.06266,-0.02177,-2.34925,0.15475,0.06691,0.00047,37,1.000,0
1620445863230803034,-34.95958,-4.43544,-27.06267,-0.02176,-2.34925,0.15475,0.06691,0.00047,37,1.000,0
1620445863245918254,-34.95958,-4.43544,-27.06266,-0.02177,-2.34925,0.15475,0.06691,0.00047,37,1.000,0
1620445863246908703,-34.95958,-4.43544,-27.06267,-0.02176,-2.34925,0.15475,0.06691,0.00047,37,1.000,0
1620445863261133647,-34.95958,-4.43544,-27.06266,-0.02177,-2.34925,0.15475,0.06691,0.00047,37,1.000,0
1620445863262773172,-34.95958,-4.43544,-27.06267,-0.02176,-2.34925,0.15475,0.06691,0.00047,37,1.000,0
1620445863276585575,-34.95958,-4.43544,-27.06266,-0.02177,-2.34925,0.15475,0.06691,0.00047,37,1.000,0
1620445863277449710,-34.95958,-4.43544,-27.06267,-0.02176,-2.34925,0.15475,0.06691,0.00047,37,1.000,0
1620445863292689274,-37.17480,-4.43799,-27.25305,-0.01417,-2.33489,0.10288,0.06694,0.00026,38,0.100,1
1620445863293704390,-37.17480,-4.43799,-27.25306,-0.01417,-2.33489,0.10288,0.06694,0.00026,38,1.000,0
1620445863308671509,-37.17480,-4.43799,-27.25305,-0.01417,-2.33489,0.10288,0.06694,0.00026,38,1.000,0
1620445863309655800,-37.17480,-4.43799,-27.25306,-0.01417,-2.33489,0.10288,0.06694,0.00026,38,1.000,0
1620445863324705443,-37.17480,-4.43799,-27.25305,-0.01417,-2.33489,0.10288,0.06694,0.00026,38,1.000,0
1620445863325660555,-37.17480,-4.43799,-27.25306,-0.01417,-2.33489,0.10288,0.06694,0.00026,38,1.000,0
1620445863340707634,-37.17480,-4.43799,-27.25305,-0.01417,-2.33489,0.10288,0.06694,0.00026,38,1.000,0
1620445863341530380,-37.17480,-4.43799,-27.25306,-0.01417,-2.33489,0.10288,0.06694,0.00026,38,1.000,0
1620445863360444694,-37.17480,-4.43799,-27.25305,-0.01417,-2.33489,0.10288,0.06694,0.00026,38,1.000,0
1620445863361268438,-37.17480,-4.43799,-27.25306,-0.01417,-2.33489,0.10288,0.06694,0.00026,38,1.000,0
1620445863372744606,-37.17480,-4.43799,-27.25305,-0.01417,-2.33489,0.10288,0.06694,0.00026,38,1.000,0
1620445863374028055,-39.11330,-4.43937,-27.41762,-0.00968,-2.32142,0.06846,0.06695,0.00016,39,0.100,1
1620445863388587109,-39.11330,-4.43938,-27.41762,-0.00969,-2.32142,0.06846,0.06695,0.00016,39,1.000,0
1620445863389420565,-39.11330,-4.43937,-27.41762,-0.00968,-2.32142,0.06846,0.06695,0.00016,39,1.000,0
1620445863404801315,-39.11330,-4.43938,-27.41762,-0.00969,-2.32142,0.06846,0.06695,0.00016,39,1.000,0
1620445863405687013,-39.11330,-4.43937,-27.41762,-0.00968,-2.32142,0.06846,0.06695,0.00016,39,1.000,0
1620445863421143639,-39.11330,-4.43938,-27.41762,-0.00969,-2.32142,0.06846,0.06695,0.00016,39,1.000,0
1620445863422511303,-39.11330,-4.43937,-27.41762,-0.00968,-2.32142,0.06846,0.06695,0.00016,39,1.000,0
1620445863437182110,-39.11330,-4.43938,-27.41762,-0.00969,-2.32142,0.06846,0.06695,0.00016,39,1.000,0
1620445863438258492,-39.11330,-4.43937,-27.41762,-0.00968,-2.32142,0.06846,0.06695,0.00016,39,1.000,0
1620445863453058633,-41.50859,-4.44045,-27.61843,-0.00604,-2.30786,0.04502,0.06696,0.00008,40,0.100,1
1620445863454333332,-41.50859,-4.44044,-27.61843,-0.00604,-2.30786,0.04502,0.06696,0.00008,40,1.000,0
1620445863468946263,-41.50859,-4.44045,-27.61843,-0.00604,-2.30786,0.04502,0.06696,0.00008,40,1.000,0
1620445863469745540,-41.50859,-4.44044,-27.61843,-0.00604,-2.30786,0.04502,0.06696,0.00008,40,1.000,0
1620445863484844684,-41.50859,-4.44045,-27.61843,-0.00604,-2.30786,0.04502,0.06696,0.00008,40,1.000,0
1620445863485593628,-41.50859,-4.44044,-27.61843,-0.00604,-2.30786,0.04502,0.06696,0.00008,40,1.000,0
1620445863506809015,-41.50859,-4.44045,-27.61843,-0.00604,-2.30786,0.04502,0.06696,0.00008,40,1.000,0
1620445863507607806,-41.50859,-4.44044,-27.61843,-0.00604,-2.30786,0.04502,0.06696,0.00008,40,1.000,0
1620445863516752131,-41.50859,-4.44045,-27.61843,-0.00604,-2.30786,0.04502,0.06696,0.00008,40,1.000,0
1620445863517565603,-41.50859,-4.44044,-27.61843,-0.00604,-2.30786,0.04502,0.06696,0.00008,40,1.000,0
1620445863532835516,-43.56784,-4.44102,-27.78891,-0.00402,-2.29443,0.02890,0.06697,0.00005,41,0.100,1
1620445863533949841,-43.56784,-4.44102,-27.78891,-0.00402,-2.29443,0.02890,0.06697,0.00005,41,1.000,0
1620445863548728239,-43.56784,-4.44102,-27.78891,-0.00402,-2.29443,0.02890,0.06697,0.00005,41,1.000,0
1620445863549722498,-43.56784,-4.44102,-27.78891,-0.00402,-2.29443,0.02890,0.06697,0.00005,41,1.000,0
1620445863564601937,-43.56784,-4.44102,-27.78891,-0.00402,-2.29443,0.02890,0.06697,0.00005,41,1.000,0
1620445863565683007,-43.56784,-4.44102,-27.78891,-0.00402,-2.29443,0.02890,0.06697,0.00005,41,1.000,0
1620445863584459218,-43.56784,-4.44102,-27.78891,-0.00402,-2.29443,0.02890,0.06697,0.00005,41,1.000,0
1620445863585271165,-43.56784,-4.44102,-27.78891,-0.00402,-2.29443,0.02890,0.06697,0.00005,41,1.000,0
1620445863597221667,-45.63609,-4.44139,-27.95819,-0.00267,-2.28223,0.01922,0.06697,0.00002,42,0.100,1
1620445863599691357,-45.63609,-4.44139,-27.95819,-0.00266,-2.28223,0.01922,0.06697,0.00002,42,1.000,0
1620445863612738575,-45.63609,-4.44139,-27.95819,-0.00267,-2.28223,0.01922,0.06697,0.00002,42,1.000,0
1620445863613556354,-45.63609,-4.44139,-27.95819,-0.00266,-2.28223,0.01922,0.06697,0.00002,42,1.000,0
1620445863628649884,-45.63609,-4.44139,-27.95819,-0.00267,-2.28223,0.01922,0.06697,0.00002,42,1.000,0
1620445863629812664,-45.63609,-4.44139,-27.95819,-0.00266,-2.28223,0.01922,0.06697,0.00002,42,1.000,0
1620445863644570043,-45.63609,-4.44139,-27.95819,-0.00267,-2.28223,0.01922,0.06697,0.00002,42,1.000,0
1620445863645464560,-45.63609,-4.44139,-27.95819,-0.00266,-2.28223,0.01922,0.06697,0.00002,42,1.000,0
1620445863664159127,-45.63609,-4.44139,-27.95819,-0.00267,-2.28223,0.01922,0.06697,0.00002,42,1.000,0
1620445863665100642,-45.63609,-4.44139,-27.95819,-0.00266,-2.28223,0.01922,0.06697,0.00002,42,1.000,0
1620445863676534748,-45.63609,-4.44139,-27.95819,-0.00267,-2.28223,0.01922,0.06697,0.00002,42,1.000,0
1620445863677329254,-45.63609,-4.44139,-27.95819,-0.00266,-2.28223,0.01922,0.06697,0.00002,42,1.000,0
