1621242114046809007,1,-0.94187,-4.23989,-26.76998,-0.46708,-2.37289,2.80033,0.01001,0.05414,4.18121,1.99412
1621242114048467934,2,-0.94187,-4.23989,-26.76998,-0.46707,-2.37289,2.80033,0.01001,0.05414,4.18121,1.99412
1621242114112451042,3,-0.94187,-4.23989,-26.76998,-0.46707,-2.37289,2.80033,0.01001,0.05414,4.18121,1.99412
1621242114112451042,3,-2.87431,-4.27621,-26.93977,-0.37731,-2.36598,2.3358,0.01297,0.03232,4.18121,1.99412
1621242114113580279,4,-0.94187,-4.23989,-26.76998,-0.46707,-2.37289,2.80033,0.01001,0.05414,4.18121,1.99412
1621242114113580279,4,-2.87431,-4.27621,-26.93977,-0.37731,-2.36598,2.3358,0.01297,0.03232,4.18121,1.99412
1621242114189709329,5,-0.94187,-4.23989,-26.76998,-0.46707,-2.37289,2.80033,0.01001,0.05414,4.18121,1.99412
1621242114189709329,5,-2.87431,-4.27621,-26.93977,-0.37731,-2.36598,2.3358,0.01297,0.03232,4.18121,1.99412
1621242114189709329,5,-4.87957,-4.30786,-27.11469,-0.28876,-2.3592,1.84299,0.01478,0.01901,4.18121,1.99412
1621242114191077935,6,-0.94187,-4.23989,-26.76998,-0.46707,-2.37289,2.80033,0.01001,0.05414,4.18121,1.99412
1621242114191077935,6,-2.87431,-4.27621,-26.93977,-0.37731,-2.36598,2.3358,0.01297,0.03232,4.18121,1.99412
1621242114191077935,6,-4.87957,-4.30786,-27.11469,-0.28876,-2.3592,1.84299,0.01478,0.01901,4.18121,1.99412
1621242114270101106,7,-0.94187,-4.23989,-26.76998,-0.46707,-2.37289,2.80033,0.01001,0.05414,4.18121,1.99412
1621242114270101106,7,-2.87431,-4.27621,-26.93977,-0.37731,-2.36598,2.3358,0.01297,0.03232,4.18121,1.99412
1621242114270101106,7,-4.87957,-4.30786,-27.11469,-0.28876,-2.3592,1.84299,0.01478,0.01901,4.18121,1.99412
1621242114270101106,7,-6.84465,-4.3321,-27.28446,-0.21601,-2.34981,1.39567,0.01582,0.01139,4.18121,1.99412
1621242114271489581,8,-0.94187,-4.23989,-26.76998,-0.46707,-2.37289,2.80033,0.01001,0.05414,4.18121,1.99412
1621242114271489581,8,-2.87431,-4.27621,-26.93977,-0.37731,-2.36598,2.3358,0.01297,0.03232,4.18121,1.99412
1621242114271489581,8,-4.87957,-4.30786,-27.11469,-0.28876,-2.3592,1.84299,0.01478,0.01901,4.18121,1.99412
1621242114271489581,8,-6.84465,-4.3321,-27.28446,-0.216,-2.34981,1.39567,0.01582,0.01139,4.18121,1.99412
1621242114349646702,9,-0.94187,-4.23989,-26.76998,-0.46707,-2.37289,2.80033,0.01001,0.05414,4.18121,1.99412
1621242114349646702,9,-2.87431,-4.27621,-26.93977,-0.37731,-2.36598,2.3358,0.01297,0.03232,4.18121,1.99412
1621242114349646702,9,-4.87957,-4.30786,-27.11469,-0.28876,-2.3592,1.84299,0.01478,0.01901,4.18121,1.99412
1621242114349646702,9,-6.84465,-4.3321,-27.28446,-0.216,-2.34981,1.39567,0.01582,0.01139,4.18121,1.99412
1621242114349646702,9,-8.94926,-4.35138,-27.46424,-0.15495,-2.33809,1.0252,0.01647,0.00663,4.18121,1.99412
1621242114351000371,10,-0.94187,-4.23989,-26.76998,-0.46707,-2.37289,2.80033,0.01001,0.05414,4.18121,1.99412
1621242114351000371,10,-2.87431,-4.27621,-26.93977,-0.37731,-2.36598,2.3358,0.01297,0.03232,4.18121,1.99412
1621242114351000371,10,-4.87957,-4.30786,-27.11469,-0.28876,-2.3592,1.84299,0.01478,0.01901,4.18121,1.99412
1621242114351000371,10,-6.84465,-4.3321,-27.28446,-0.216,-2.34981,1.39567,0.01582,0.01139,4.18121,1.99412
1621242114351000371,10,-8.94926,-4.35138,-27.46424,-0.15494,-2.33809,1.0252,0.01647,0.00663,4.18121,1.99412
1621242114429912840,11,-0.94187,-4.23989,-26.76998,-0.46707,-2.37289,2.80033,0.01001,0.05414,4.18121,1.99412
1621242114429912840,11,-2.87431,-4.27621,-26.93977,-0.37731,-2.36598,2.3358,0.01297,0.03232,4.18121,1.99412
1621242114429912840,11,-4.87957,-4.30786,-27.11469,-0.28876,-2.3592,1.84299,0.01478,0.01901,4.18121,1.99412
1621242114429912840,11,-6.84465,-4.3321,-27.28446,-0.216,-2.34981,1.39567,0.01582,0.01139,4.18121,1.99412
1621242114429912840,11,-8.94926,-4.35138,-27.46424,-0.15494,-2.33809,1.0252,0.01647,0.00663,4.18121,1.99412
1621242114429912840,11,-11.09038,-4.49215,-27.60758,-0.01803,-1.85052,6.20765,0.02953,0.29571,4.18121,1.99412
1621242114432824728,12,-0.94187,-4.23989,-26.76998,-0.46707,-2.37289,2.80033,0.01001,0.05414,4.18121,1.99412
1621242114432824728,12,-2.87431,-4.27621,-26.93977,-0.37731,-2.36598,2.3358,0.01297,0.03232,4.18121,1.99412
1621242114432824728,12,-4.87957,-4.30786,-27.11469,-0.28876,-2.3592,1.84299,0.01478,0.01901,4.18121,1.99412
1621242114432824728,12,-6.84465,-4.3321,-27.28446,-0.216,-2.34981,1.39567,0.01582,0.01139,4.18121,1.99412
1621242114432824728,12,-8.94926,-4.35138,-27.46424,-0.15494,-2.33809,1.0252,0.01647,0.00663,4.18121,1.99412
1621242114432824728,12,-11.09038,-4.49215,-27.60758,-0.01802,-1.85052,6.20765,0.02953,0.29571,4.18121,1.99412
1621242114508214417,13,-0.94187,-4.23989,-26.76998,-0.46707,-2.37289,2.80033,0.01001,0.05414,4.18121,1.99412
1621242114508214417,13,-2.87431,-4.27621,-26.93977,-0.37731,-2.36598,2.3358,0.01297,0.03232,4.18121,1.99412
1621242114508214417,13,-4.87957,-4.30786,-27.11469,-0.28876,-2.3592,1.84299,0.01478,0.01901,4.18121,1.99412
1621242114508214417,13,-6.84465,-4.3321,-27.28446,-0.216,-2.34981,1.39567,0.01582,0.01139,4.18121,1.99412
1621242114508214417,13,-8.94926,-4.35138,-27.46424,-0.15494,-2.33809,1.0252,0.01647,0.00663,4.18121,1.99412
1621242114508214417,13,-11.09038,-4.49215,-27.60758,-0.01802,-1.85052,6.20765,0.02953,0.29571,4.18121,1.99412
1621242114508214417,13,-13.21742,-4.7401,-27.7886,-0.41477,-2.33066,1.42386,0.04802,0.17854,4.18121,1.99412
1621242114511482131,14,-0.94187,-4.23989,-26.76998,-0.46707,-2.37289,2.80033,0.01001,0.05414,4.18121,1.99412
1621242114511482131,14,-2.87431,-4.27621,-26.93977,-0.37731,-2.36598,2.3358,0.01297,0.03232,4.18121,1.99412
1621242114511482131,14,-4.87957,-4.30786,-27.11469,-0.28876,-2.3592,1.84299,0.01478,0.01901,4.18121,1.99412
1621242114511482131,14,-6.84465,-4.3321,-27.28446,-0.216,-2.34981,1.39567,0.01582,0.01139,4.18121,1.99412
1621242114511482131,14,-8.94926,-4.35138,-27.46424,-0.15494,-2.33809,1.0252,0.01647,0.00663,4.18121,1.99412
1621242114511482131,14,-11.09038,-4.49215,-27.60758,-0.01802,-1.85052,6.20765,0.02953,0.29571,4.18121,1.99412
1621242114511482131,14,-13.21742,-4.7401,-27.7886,-0.41476,-2.33066,1.42386,0.04802,0.17854,4.18121,1.99412
1621242114574314863,15,-0.94187,-4.23989,-26.76998,-0.46707,-2.37289,2.80033,0.01001,0.05414,4.18121,1.99412
1621242114574314863,15,-2.87431,-4.27621,-26.93977,-0.37731,-2.36598,2.3358,0.01297,0.03232,4.18121,1.99412
1621242114574314863,15,-4.87957,-4.30786,-27.11469,-0.28876,-2.3592,1.84299,0.01478,0.01901,4.18121,1.99412
1621242114574314863,15,-6.84465,-4.3321,-27.28446,-0.216,-2.34981,1.39567,0.01582,0.01139,4.18121,1.99412
1621242114574314863,15,-8.94926,-4.35138,-27.46424,-0.15494,-2.33809,1.0252,0.01647,0.00663,4.18121,1.99412
1621242114574314863,15,-11.09038,-4.49215,-27.60758,-0.01802,-1.85052,6.20765,0.02953,0.29571,4.18121,1.99412
1621242114574314863,15,-13.21742,-4.7401,-27.7886,-0.41476,-2.33066,1.42386,0.04802,0.17854,4.18121,1.99412
1621242114574314863,15,-15.38093,-4.9297,-27.96566,-0.51593,-2.30484,2.41065,0.05855,0.10297,4.18121,1.99412
1621242114578418703,16,-0.94187,-4.23989,-26.76998,-0.46707,-2.37289,2.80033,0.01001,0.05414,4.18121,1.99412
1621242114578418703,16,-2.87431,-4.27621,-26.93977,-0.37731,-2.36598,2.3358,0.01297,0.03232,4.18121,1.99412
1621242114578418703,16,-4.87957,-4.30786,-27.11469,-0.28876,-2.3592,1.84299,0.01478,0.01901,4.18121,1.99412
1621242114578418703,16,-6.84465,-4.3321,-27.28446,-0.216,-2.34981,1.39567,0.01582,0.01139,4.18121,1.99412
1621242114578418703,16,-8.94926,-4.35138,-27.46424,-0.15494,-2.33809,1.0252,0.01647,0.00663,4.18121,1.99412
1621242114578418703,16,-11.09038,-4.49215,-27.60758,-0.01802,-1.85052,6.20765,0.02953,0.29571,4.18121,1.99412
1621242114578418703,16,-13.21742,-4.7401,-27.7886,-0.41476,-2.33066,1.42386,0.04802,0.17854,4.18121,1.99412
1621242114578418703,16,-15.38094,-4.9297,-27.96566,-0.51593,-2.30484,2.41065,0.05855,0.10297,4.18121,1.99412
1621242114655532152,17,-0.94187,-4.23989,-26.76998,-0.46707,-2.37289,2.80033,0.01001,0.05414,4.18121,1.99412
1621242114655532152,17,-2.87431,-4.27621,-26.93977,-0.37731,-2.36598,2.3358,0.01297,0.03232,4.18121,1.99412
1621242114655532152,17,-4.87957,-4.30786,-27.11469,-0.28876,-2.3592,1.84299,0.01478,0.01901,4.18121,1.99412
1621242114655532152,17,-6.84465,-4.3321,-27.28446,-0.216,-2.34981,1.39567,0.01582,0.01139,4.18121,1.99412
1621242114655532152,17,-8.94926,-4.35138,-27.46424,-0.15494,-2.33809,1.0252,0.01647,0.00663,4.18121,1.99412
1621242114655532152,17,-11.09038,-4.49215,-27.60758,-0.01802,-1.85052,6.20765,0.02953,0.29571,4.18121,1.99412
1621242114655532152,17,-13.21742,-4.7401,-27.7886,-0.41476,-2.33066,1.42386,0.04802,0.17854,4.18121,1.99412
1621242114655532152,17,-15.38094,-4.9297,-27.96566,-0.51593,-2.30484,2.41065,0.05855,0.10297,4.18121,1.99412
1621242114655532152,17,-17.49226,-5.0613,-28.13608,-0.48234,-2.27868,2.5152,0.06421,0.05687,4.18121,1.99412
1621242114657031338,18,-0.94187,-4.23989,-26.76998,-0.46707,-2.37289,2.80033,0.01001,0.05414,4.18121,1.99412
1621242114657031338,18,-2.87431,-4.27621,-26.93977,-0.37731,-2.36598,2.3358,0.01297,0.03232,4.18121,1.99412
1621242114657031338,18,-4.87957,-4.30786,-27.11469,-0.28876,-2.3592,1.84299,0.01478,0.01901,4.18121,1.99412
1621242114657031338,18,-6.84465,-4.3321,-27.28446,-0.216,-2.34981,1.39567,0.01582,0.01139,4.18121,1.99412
1621242114657031338,18,-8.94926,-4.35138,-27.46424,-0.15494,-2.33809,1.0252,0.01647,0.00663,4.18121,1.99412
1621242114657031338,18,-11.09038,-4.49215,-27.60758,-0.01802,-1.85052,6.20765,0.02953,0.29571,4.18121,1.99412
1621242114657031338,18,-13.21742,-4.7401,-27.7886,-0.41476,-2.33066,1.42386,0.04802,0.17854,4.18121,1.99412
1621242114657031338,18,-15.38094,-4.9297,-27.96566,-0.51593,-2.30484,2.41065,0.05855,0.10297,4.18121,1.99412
1621242114657031338,18,-17.49226,-5.0613,-28.13608,-0.48234,-2.27868,2.5152,0.06421,0.05687,4.18121,1.99412
1621242114720271545,19,-0.94187,-4.23989,-26.76998,-0.46707,-2.37289,2.80033,0.01001,0.05414,4.18121,1.99412
1621242114720271545,19,-2.87431,-4.27621,-26.93977,-0.37731,-2.36598,2.3358,0.01297,0.03232,4.18121,1.99412
1621242114720271545,19,-4.87957,-4.30786,-27.11469,-0.28876,-2.3592,1.84299,0.01478,0.01901,4.18121,1.99412
1621242114720271545,19,-6.84465,-4.3321,-27.28446,-0.216,-2.34981,1.39567,0.01582,0.01139,4.18121,1.99412
1621242114720271545,19,-8.94926,-4.35138,-27.46424,-0.15494,-2.33809,1.0252,0.01647,0.00663,4.18121,1.99412
1621242114720271545,19,-11.09038,-4.49215,-27.60758,-0.01802,-1.85052,6.20765,0.02953,0.29571,4.18121,1.99412
1621242114720271545,19,-13.21742,-4.7401,-27.7886,-0.41476,-2.33066,1.42386,0.04802,0.17854,4.18121,1.99412
1621242114720271545,19,-15.38094,-4.9297,-27.96566,-0.51593,-2.30484,2.41065,0.05855,0.10297,4.18121,1.99412
1621242114720271545,19,-17.49226,-5.0613,-28.13608,-0.48234,-2.27868,2.5152,0.06421,0.05687,4.18121,1.99412
1621242114720271545,19,-19.47968,-5.15726,-28.29582,-0.4135,-2.27397,2.33013,0.06764,0.03966,4.18121,1.99412
1621242114732906247,20,-0.94187,-4.23989,-26.76998,-0.46707,-2.37289,2.80033,0.01001,0.05414,4.18121,1.99412
1621242114732906247,20,-2.87431,-4.27621,-26.93977,-0.37731,-2.36598,2.3358,0.01297,0.03232,4.18121,1.99412
1621242114732906247,20,-4.87957,-4.30786,-27.11469,-0.28876,-2.3592,1.84299,0.01478,0.01901,4.18121,1.99412
1621242114732906247,20,-6.84465,-4.3321,-27.28446,-0.216,-2.34981,1.39567,0.01582,0.01139,4.18121,1.99412
1621242114732906247,20,-8.94926,-4.35138,-27.46424,-0.15494,-2.33809,1.0252,0.01647,0.00663,4.18121,1.99412
1621242114732906247,20,-11.09038,-4.49215,-27.60758,-0.01802,-1.85052,6.20765,0.02953,0.29571,4.18121,1.99412
1621242114732906247,20,-13.21742,-4.7401,-27.7886,-0.41476,-2.33066,1.42386,0.04802,0.17854,4.18121,1.99412
1621242114732906247,20,-15.38094,-4.9297,-27.96566,-0.51593,-2.30484,2.41065,0.05855,0.10297,4.18121,1.99412
1621242114732906247,20,-17.49226,-5.0613,-28.13608,-0.48234,-2.27868,2.5152,0.06421,0.05687,4.18121,1.99412
1621242114732906247,20,-19.47968,-5.15726,-28.29582,-0.4135,-2.27397,2.33013,0.06764,0.03966,4.18121,1.99412
1621242114799471482,21,-0.94187,-4.23989,-26.76998,-0.46707,-2.37289,2.80033,0.01001,0.05414,4.18121,1.99412
1621242114799471482,21,-2.87431,-4.27621,-26.93977,-0.37731,-2.36598,2.3358,0.01297,0.03232,4.18121,1.99412
1621242114799471482,21,-4.87957,-4.30786,-27.11469,-0.28876,-2.3592,1.84299,0.01478,0.01901,4.18121,1.99412
1621242114799471482,21,-6.84465,-4.3321,-27.28446,-0.216,-2.34981,1.39567,0.01582,0.01139,4.18121,1.99412
1621242114799471482,21,-8.94926,-4.35138,-27.46424,-0.15494,-2.33809,1.0252,0.01647,0.00663,4.18121,1.99412
1621242114799471482,21,-11.09038,-4.49215,-27.60758,-0.01802,-1.85052,6.20765,0.02953,0.29571,4.18121,1.99412
1621242114799471482,21,-13.21742,-4.7401,-27.7886,-0.41476,-2.33066,1.42386,0.04802,0.17854,4.18121,1.99412
1621242114799471482,21,-15.38094,-4.9297,-27.96566,-0.51593,-2.30484,2.41065,0.05855,0.10297,4.18121,1.99412
1621242114799471482,21,-17.49226,-5.0613,-28.13608,-0.48234,-2.27868,2.5152,0.06421,0.05687,4.18121,1.99412
1621242114799471482,21,-19.47968,-5.15726,-28.29582,-0.4135,-2.27397,2.33013,0.06764,0.03966,4.18121,1.99412
1621242114799471482,21,-21.46518,-5.23185,-28.4538,-0.33751,-2.25986,2.00724,0.06995,0.02598,4.18121,1.99412
1621242114801993487,22,-0.94187,-4.23989,-26.76998,-0.46707,-2.37289,2.80033,0.01001,0.05414,4.18121,1.99412
1621242114801993487,22,-2.87431,-4.27621,-26.93977,-0.37731,-2.36598,2.3358,0.01297,0.03232,4.18121,1.99412
1621242114801993487,22,-4.87957,-4.30786,-27.11469,-0.28876,-2.3592,1.84299,0.01478,0.01901,4.18121,1.99412
1621242114801993487,22,-6.84465,-4.3321,-27.28446,-0.216,-2.34981,1.39567,0.01582,0.01139,4.18121,1.99412
1621242114801993487,22,-8.94926,-4.35138,-27.46424,-0.15494,-2.33809,1.0252,0.01647,0.00663,4.18121,1.99412
1621242114801993487,22,-11.09038,-4.49215,-27.60758,-0.01802,-1.85052,6.20765,0.02953,0.29571,4.18121,1.99412
1621242114801993487,22,-13.21742,-4.7401,-27.7886,-0.41476,-2.33066,1.42386,0.04802,0.17854,4.18121,1.99412
1621242114801993487,22,-15.38094,-4.9297,-27.96566,-0.51593,-2.30484,2.41065,0.05855,0.10297,4.18121,1.99412
1621242114801993487,22,-17.49226,-5.0613,-28.13608,-0.48234,-2.27868,2.5152,0.06421,0.05687,4.18121,1.99412
1621242114801993487,22,-19.47968,-5.15726,-28.29582,-0.4135,-2.27397,2.33013,0.06764,0.03966,4.18121,1.99412
1621242114801993487,22,-21.46518,-5.23185,-28.4538,-0.33751,-2.25986,2.00724,0.06995,0.02598,4.18121,1.99412
1621242114864388638,23,-0.94187,-4.23989,-26.76998,-0.46707,-2.37289,2.80033,0.01001,0.05414,4.18121,1.99412
1621242114864388638,23,-2.87431,-4.27621,-26.93977,-0.37731,-2.36598,2.3358,0.01297,0.03232,4.18121,1.99412
1621242114864388638,23,-4.87957,-4.30786,-27.11469,-0.28876,-2.3592,1.84299,0.01478,0.01901,4.18121,1.99412
1621242114864388638,23,-6.84465,-4.3321,-27.28446,-0.216,-2.34981,1.39567,0.01582,0.01139,4.18121,1.99412
1621242114864388638,23,-8.94926,-4.35138,-27.46424,-0.15494,-2.33809,1.0252,0.01647,0.00663,4.18121,1.99412
1621242114864388638,23,-11.09038,-4.49215,-27.60758,-0.01802,-1.85052,6.20765,0.02953,0.29571,4.18121,1.99412
1621242114864388638,23,-13.21742,-4.7401,-27.7886,-0.41476,-2.33066,1.42386,0.04802,0.17854,4.18121,1.99412
1621242114864388638,23,-15.38094,-4.9297,-27.96566,-0.51593,-2.30484,2.41065,0.05855,0.10297,4.18121,1.99412
1621242114864388638,23,-17.49226,-5.0613,-28.13608,-0.48234,-2.27868,2.5152,0.06421,0.05687,4.18121,1.99412
1621242114864388638,23,-19.47968,-5.15726,-28.29582,-0.4135,-2.27397,2.33013,0.06764,0.03966,4.18121,1.99412
1621242114864388638,23,-21.46518,-5.23185,-28.4538,-0.33751,-2.25986,2.00724,0.06995,0.02598,4.18121,1.99412
1621242114864388638,23,-23.50035,-5.28507,-28.61558,-0.26327,-2.26808,1.59864,0.07136,0.0157,4.18121,1.99412
1621242114866411066,24,-0.94187,-4.23989,-26.76998,-0.46707,-2.37289,2.80033,0.01001,0.05414,4.18121,1.99412
1621242114866411066,24,-2.87431,-4.27621,-26.93977,-0.37731,-2.36598,2.3358,0.01297,0.03232,4.18121,1.99412
1621242114866411066,24,-4.87957,-4.30786,-27.11469,-0.28876,-2.3592,1.84299,0.01478,0.01901,4.18121,1.99412
1621242114866411066,24,-6.84465,-4.3321,-27.28446,-0.216,-2.34981,1.39567,0.01582,0.01139,4.18121,1.99412
1621242114866411066,24,-8.94926,-4.35138,-27.46424,-0.15494,-2.33809,1.0252,0.01647,0.00663,4.18121,1.99412
1621242114866411066,24,-11.09038,-4.49215,-27.60758,-0.01802,-1.85052,6.20765,0.02953,0.29571,4.18121,1.99412
1621242114866411066,24,-13.21742,-4.7401,-27.7886,-0.41476,-2.33066,1.42386,0.04802,0.17854,4.18121,1.99412
1621242114866411066,24,-15.38094,-4.9297,-27.96566,-0.51593,-2.30484,2.41065,0.05855,0.10297,4.18121,1.99412
1621242114866411066,24,-17.49226,-5.0613,-28.13608,-0.48234,-2.27868,2.5152,0.06421,0.05687,4.18121,1.99412
1621242114866411066,24,-19.47968,-5.15726,-28.29582,-0.4135,-2.27397,2.33013,0.06764,0.03966,4.18121,1.99412
1621242114866411066,24,-21.46518,-5.23185,-28.4538,-0.33751,-2.25986,2.00724,0.06995,0.02598,4.18121,1.99412
1621242114866411066,24,-23.50035,-5.28507,-28.61558,-0.26327,-2.26808,1.59864,0.07136,0.0157,4.18121,1.99412
1621242114929722422,25,-0.94187,-4.23989,-26.76998,-0.46707,-2.37289,2.80033,0.01001,0.05414,4.18121,1.99412
1621242114929722422,25,-2.87431,-4.27621,-26.93977,-0.37731,-2.36598,2.3358,0.01297,0.03232,4.18121,1.99412
1621242114929722422,25,-4.87957,-4.30786,-27.11469,-0.28876,-2.3592,1.84299,0.01478,0.01901,4.18121,1.99412
1621242114929722422,25,-6.84465,-4.3321,-27.28446,-0.216,-2.34981,1.39567,0.01582,0.01139,4.18121,1.99412
1621242114929722422,25,-8.94926,-4.35138,-27.46424,-0.15494,-2.33809,1.0252,0.01647,0.00663,4.18121,1.99412
1621242114929722422,25,-11.09038,-4.49215,-27.60758,-0.01802,-1.85052,6.20765,0.02953,0.29571,4.18121,1.99412
1621242114929722422,25,-13.21742,-4.7401,-27.7886,-0.41476,-2.33066,1.42386,0.04802,0.17854,4.18121,1.99412
1621242114929722422,25,-15.38094,-4.9297,-27.96566,-0.51593,-2.30484,2.41065,0.05855,0.10297,4.18121,1.99412
1621242114929722422,25,-17.49226,-5.0613,-28.13608,-0.48234,-2.27868,2.5152,0.06421,0.05687,4.18121,1.99412
1621242114929722422,25,-19.47968,-5.15726,-28.29582,-0.4135,-2.27397,2.33013,0.06764,0.03966,4.18121,1.99412
1621242114929722422,25,-21.46518,-5.23185,-28.4538,-0.33751,-2.25986,2.00724,0.06995,0.02598,4.18121,1.99412
1621242114929722422,25,-23.50035,-5.28507,-28.61558,-0.26327,-2.26808,1.59864,0.07136,0.0157,4.18121,1.99412
1621242114929722422,25,-25.51336,-5.32216,-28.77406,-0.2017,-2.25807,1.22284,0.07221,0.00975,4.18121,1.99412
1621242114937538024,26,-0.94187,-4.23989,-26.76998,-0.46707,-2.37289,2.80033,0.01001,0.05414,4.18121,1.99412
1621242114937538024,26,-2.87431,-4.27621,-26.93977,-0.37731,-2.36598,2.3358,0.01297,0.03232,4.18121,1.99412
1621242114937538024,26,-4.87957,-4.30786,-27.11469,-0.28876,-2.3592,1.84299,0.01478,0.01901,4.18121,1.99412
1621242114937538024,26,-6.84465,-4.3321,-27.28446,-0.216,-2.34981,1.39567,0.01582,0.01139,4.18121,1.99412
1621242114937538024,26,-8.94926,-4.35138,-27.46424,-0.15494,-2.33809,1.0252,0.01647,0.00663,4.18121,1.99412
1621242114937538024,26,-11.09038,-4.49215,-27.60758,-0.01802,-1.85052,6.20765,0.02953,0.29571,4.18121,1.99412
1621242114937538024,26,-13.21742,-4.7401,-27.7886,-0.41476,-2.33066,1.42386,0.04802,0.17854,4.18121,1.99412
1621242114937538024,26,-15.38094,-4.9297,-27.96566,-0.51593,-2.30484,2.41065,0.05855,0.10297,4.18121,1.99412
1621242114937538024,26,-17.49226,-5.0613,-28.13608,-0.48234,-2.27868,2.5152,0.06421,0.05687,4.18121,1.99412
1621242114937538024,26,-19.47968,-5.15726,-28.29582,-0.4135,-2.27397,2.33013,0.06764,0.03966,4.18121,1.99412
1621242114937538024,26,-21.46518,-5.23185,-28.4538,-0.33751,-2.25986,2.00724,0.06995,0.02598,4.18121,1.99412
1621242114937538024,26,-23.50035,-5.28507,-28.61558,-0.26327,-2.26808,1.59864,0.07136,0.0157,4.18121,1.99412
1621242114937538024,26,-25.51336,-5.32216,-28.77406,-0.2017,-2.25807,1.22284,0.07221,0.00975,4.18121,1.99412
1621242115007832947,27,-0.94187,-4.23989,-26.76998,-0.46707,-2.37289,2.80033,0.01001,0.05414,4.18121,1.99412
1621242115007832947,27,-2.87431,-4.27621,-26.93977,-0.37731,-2.36598,2.3358,0.01297,0.03232,4.18121,1.99412
1621242115007832947,27,-4.87957,-4.30786,-27.11469,-0.28876,-2.3592,1.84299,0.01478,0.01901,4.18121,1.99412
1621242115007832947,27,-6.84465,-4.3321,-27.28446,-0.216,-2.34981,1.39567,0.01582,0.01139,4.18121,1.99412
1621242115007832947,27,-8.94926,-4.35138,-27.46424,-0.15494,-2.33809,1.0252,0.01647,0.00663,4.18121,1.99412
1621242115007832947,27,-11.09038,-4.49215,-27.60758,-0.01802,-1.85052,6.20765,0.02953,0.29571,4.18121,1.99412
1621242115007832947,27,-13.21742,-4.7401,-27.7886,-0.41476,-2.33066,1.42386,0.04802,0.17854,4.18121,1.99412
1621242115007832947,27,-15.38094,-4.9297,-27.96566,-0.51593,-2.30484,2.41065,0.05855,0.10297,4.18121,1.99412
1621242115007832947,27,-17.49226,-5.0613,-28.13608,-0.48234,-2.27868,2.5152,0.06421,0.05687,4.18121,1.99412
1621242115007832947,27,-19.47968,-5.15726,-28.29582,-0.4135,-2.27397,2.33013,0.06764,0.03966,4.18121,1.99412
1621242115007832947,27,-21.46518,-5.23185,-28.4538,-0.33751,-2.25986,2.00724,0.06995,0.02598,4.18121,1.99412
1621242115007832947,27,-23.50035,-5.28507,-28.61558,-0.26327,-2.26808,1.59864,0.07136,0.0157,4.18121,1.99412
1621242115007832947,27,-25.51336,-5.32216,-28.77406,-0.2017,-2.25807,1.22284,0.07221,0.00975,4.18121,1.99412
1621242115007832947,27,-27.50593,-5.34809,-28.92927,-0.15239,-2.24675,0.93042,0.07274,0.00614,4.18121,1.99412
1621242115009207040,28,-0.94187,-4.23989,-26.76998,-0.46707,-2.37289,2.80033,0.01001,0.05414,4.18121,1.99412
1621242115009207040,28,-2.87431,-4.27621,-26.93977,-0.37731,-2.36598,2.3358,0.01297,0.03232,4.18121,1.99412
1621242115009207040,28,-4.87957,-4.30786,-27.11469,-0.28876,-2.3592,1.84299,0.01478,0.01901,4.18121,1.99412
1621242115009207040,28,-6.84465,-4.3321,-27.28446,-0.216,-2.34981,1.39567,0.01582,0.01139,4.18121,1.99412
1621242115009207040,28,-8.94926,-4.35138,-27.46424,-0.15494,-2.33809,1.0252,0.01647,0.00663,4.18121,1.99412
1621242115009207040,28,-11.09038,-4.49215,-27.60758,-0.01802,-1.85052,6.20765,0.02953,0.29571,4.18121,1.99412
1621242115009207040,28,-13.21742,-4.7401,-27.7886,-0.41476,-2.33066,1.42386,0.04802,0.17854,4.18121,1.99412
1621242115009207040,28,-15.38094,-4.9297,-27.96566,-0.51593,-2.30484,2.41065,0.05855,0.10297,4.18121,1.99412
1621242115009207040,28,-17.49226,-5.0613,-28.13608,-0.48234,-2.27868,2.5152,0.06421,0.05687,4.18121,1.99412
1621242115009207040,28,-19.47968,-5.15726,-28.29582,-0.4135,-2.27397,2.33013,0.06764,0.03966,4.18121,1.99412
1621242115009207040,28,-21.46518,-5.23185,-28.4538,-0.33751,-2.25986,2.00724,0.06995,0.02598,4.18121,1.99412
1621242115009207040,28,-23.50035,-5.28507,-28.61558,-0.26327,-2.26808,1.59864,0.07136,0.0157,4.18121,1.99412
1621242115009207040,28,-25.51336,-5.32216,-28.77406,-0.2017,-2.25807,1.22284,0.07221,0.00975,4.18121,1.99412
1621242115009207040,28,-27.50593,-5.34809,-28.92927,-0.15239,-2.24675,0.93042,0.07274,0.00614,4.18121,1.99412
1621242115088059027,29,-0.94187,-4.23989,-26.76998,-0.46707,-2.37289,2.80033,0.01001,0.05414,4.18121,1.99412
1621242115088059027,29,-2.87431,-4.27621,-26.93977,-0.37731,-2.36598,2.3358,0.01297,0.03232,4.18121,1.99412
1621242115088059027,29,-4.87957,-4.30786,-27.11469,-0.28876,-2.3592,1.84299,0.01478,0.01901,4.18121,1.99412
1621242115088059027,29,-6.84465,-4.3321,-27.28446,-0.216,-2.34981,1.39567,0.01582,0.01139,4.18121,1.99412
1621242115088059027,29,-8.94926,-4.35138,-27.46424,-0.15494,-2.33809,1.0252,0.01647,0.00663,4.18121,1.99412
1621242115088059027,29,-11.09038,-4.49215,-27.60758,-0.01802,-1.85052,6.20765,0.02953,0.29571,4.18121,1.99412
1621242115088059027,29,-13.21742,-4.7401,-27.7886,-0.41476,-2.33066,1.42386,0.04802,0.17854,4.18121,1.99412
1621242115088059027,29,-15.38094,-4.9297,-27.96566,-0.51593,-2.30484,2.41065,0.05855,0.10297,4.18121,1.99412
1621242115088059027,29,-17.49226,-5.0613,-28.13608,-0.48234,-2.27868,2.5152,0.06421,0.05687,4.18121,1.99412
1621242115088059027,29,-19.47968,-5.15726,-28.29582,-0.4135,-2.27397,2.33013,0.06764,0.03966,4.18121,1.99412
1621242115088059027,29,-21.46518,-5.23185,-28.4538,-0.33751,-2.25986,2.00724,0.06995,0.02598,4.18121,1.99412
1621242115088059027,29,-23.50035,-5.28507,-28.61558,-0.26327,-2.26808,1.59864,0.07136,0.0157,4.18121,1.99412
1621242115088059027,29,-25.51336,-5.32216,-28.77406,-0.2017,-2.25807,1.22284,0.07221,0.00975,4.18121,1.99412
1621242115088059027,29,-27.50593,-5.34809,-28.92927,-0.15239,-2.24675,0.93042,0.07274,0.00614,4.18121,1.99412
1621242115088059027,29,-29.69953,-5.36804,-29.09821,-0.11058,-2.23414,0.6882,0.07309,0.00372,4.18121,1.99412
1621242115089973465,30,-0.94187,-4.23989,-26.76998,-0.46707,-2.37289,2.80033,0.01001,0.05414,4.18121,1.99412
1621242115089973465,30,-2.87431,-4.27621,-26.93977,-0.37731,-2.36598,2.3358,0.01297,0.03232,4.18121,1.99412
1621242115089973465,30,-4.87957,-4.30786,-27.11469,-0.28876,-2.3592,1.84299,0.01478,0.01901,4.18121,1.99412
1621242115089973465,30,-6.84465,-4.3321,-27.28446,-0.216,-2.34981,1.39567,0.01582,0.01139,4.18121,1.99412
1621242115089973465,30,-8.94926,-4.35138,-27.46424,-0.15494,-2.33809,1.0252,0.01647,0.00663,4.18121,1.99412
1621242115089973465,30,-11.09038,-4.49215,-27.60758,-0.01802,-1.85052,6.20765,0.02953,0.29571,4.18121,1.99412
1621242115089973465,30,-13.21742,-4.7401,-27.7886,-0.41476,-2.33066,1.42386,0.04802,0.17854,4.18121,1.99412
1621242115089973465,30,-15.38094,-4.9297,-27.96566,-0.51593,-2.30484,2.41065,0.05855,0.10297,4.18121,1.99412
1621242115089973465,30,-17.49226,-5.0613,-28.13608,-0.48234,-2.27868,2.5152,0.06421,0.05687,4.18121,1.99412
1621242115089973465,30,-19.47968,-5.15726,-28.29582,-0.4135,-2.27397,2.33013,0.06764,0.03966,4.18121,1.99412
1621242115089973465,30,-21.46518,-5.23185,-28.4538,-0.33751,-2.25986,2.00724,0.06995,0.02598,4.18121,1.99412
1621242115089973465,30,-23.50035,-5.28507,-28.61558,-0.26327,-2.26808,1.59864,0.07136,0.0157,4.18121,1.99412
1621242115089973465,30,-25.51336,-5.32216,-28.77406,-0.2017,-2.25807,1.22284,0.07221,0.00975,4.18121,1.99412
1621242115089973465,30,-27.50593,-5.34809,-28.92927,-0.15239,-2.24675,0.93042,0.07274,0.00614,4.18121,1.99412
1621242115089973465,30,-29.69953,-5.36804,-29.09821,-0.11058,-2.23414,0.6882,0.07309,0.00372,4.18121,1.99412
1621242115154725135,31,-0.94187,-4.23989,-26.76998,-0.46707,-2.37289,2.80033,0.01001,0.05414,4.18121,1.99412
1621242115154725135,31,-2.87431,-4.27621,-26.93977,-0.37731,-2.36598,2.3358,0.01297,0.03232,4.18121,1.99412
1621242115154725135,31,-4.87957,-4.30786,-27.11469,-0.28876,-2.3592,1.84299,0.01478,0.01901,4.18121,1.99412
1621242115154725135,31,-6.84465,-4.3321,-27.28446,-0.216,-2.34981,1.39567,0.01582,0.01139,4.18121,1.99412
1621242115154725135,31,-8.94926,-4.35138,-27.46424,-0.15494,-2.33809,1.0252,0.01647,0.00663,4.18121,1.99412
1621242115154725135,31,-11.09038,-4.49215,-27.60758,-0.01802,-1.85052,6.20765,0.02953,0.29571,4.18121,1.99412
1621242115154725135,31,-13.21742,-4.7401,-27.7886,-0.41476,-2.33066,1.42386,0.04802,0.17854,4.18121,1.99412
1621242115154725135,31,-15.38094,-4.9297,-27.96566,-0.51593,-2.30484,2.41065,0.05855,0.10297,4.18121,1.99412
1621242115154725135,31,-17.49226,-5.0613,-28.13608,-0.48234,-2.27868,2.5152,0.06421,0.05687,4.18121,1.99412
1621242115154725135,31,-19.47968,-5.15726,-28.29582,-0.4135,-2.27397,2.33013,0.06764,0.03966,4.18121,1.99412
1621242115154725135,31,-21.46518,-5.23185,-28.4538,-0.33751,-2.25986,2.00724,0.06995,0.02598,4.18121,1.99412
1621242115154725135,31,-23.50035,-5.28507,-28.61558,-0.26327,-2.26808,1.59864,0.07136,0.0157,4.18121,1.99412
1621242115154725135,31,-25.51336,-5.32216,-28.77406,-0.2017,-2.25807,1.22284,0.07221,0.00975,4.18121,1.99412
1621242115154725135,31,-27.50593,-5.34809,-28.92927,-0.15239,-2.24675,0.93042,0.07274,0.00614,4.18121,1.99412
1621242115154725135,31,-29.69953,-5.36804,-29.09821,-0.11058,-2.23414,0.6882,0.07309,0.00372,4.18121,1.99412
1621242115154725135,31,-32.0618,-5.3826,-29.2779,-0.07752,-2.22011,0.49018,0.07332,0.00219,4.18121,1.99412
1621242115164126735,32,-0.94187,-4.23989,-26.76998,-0.46707,-2.37289,2.80033,0.01001,0.05414,4.18121,1.99412
1621242115164126735,32,-2.87431,-4.27621,-26.93977,-0.37731,-2.36598,2.3358,0.01297,0.03232,4.18121,1.99412
1621242115164126735,32,-4.87957,-4.30786,-27.11469,-0.28876,-2.3592,1.84299,0.01478,0.01901,4.18121,1.99412
1621242115164126735,32,-6.84465,-4.3321,-27.28446,-0.216,-2.34981,1.39567,0.01582,0.01139,4.18121,1.99412
1621242115164126735,32,-8.94926,-4.35138,-27.46424,-0.15494,-2.33809,1.0252,0.01647,0.00663,4.18121,1.99412
1621242115164126735,32,-11.09038,-4.49215,-27.60758,-0.01802,-1.85052,6.20765,0.02953,0.29571,4.18121,1.99412
1621242115164126735,32,-13.21742,-4.7401,-27.7886,-0.41476,-2.33066,1.42386,0.04802,0.17854,4.18121,1.99412
1621242115164126735,32,-15.38094,-4.9297,-27.96566,-0.51593,-2.30484,2.41065,0.05855,0.10297,4.18121,1.99412
1621242115164126735,32,-17.49226,-5.0613,-28.13608,-0.48234,-2.27868,2.5152,0.06421,0.05687,4.18121,1.99412
1621242115164126735,32,-19.47968,-5.15726,-28.29582,-0.4135,-2.27397,2.33013,0.06764,0.03966,4.18121,1.99412
1621242115164126735,32,-21.46518,-5.23185,-28.4538,-0.33751,-2.25986,2.00724,0.06995,0.02598,4.18121,1.99412
1621242115164126735,32,-23.50035,-5.28507,-28.61558,-0.26327,-2.26808,1.59864,0.07136,0.0157,4.18121,1.99412
1621242115164126735,32,-25.51336,-5.32216,-28.77406,-0.2017,-2.25807,1.22284,0.07221,0.00975,4.18121,1.99412
1621242115164126735,32,-27.50593,-5.34809,-28.92927,-0.15239,-2.24675,0.93042,0.07274,0.00614,4.18121,1.99412
1621242115164126735,32,-29.69953,-5.36804,-29.09821,-0.11058,-2.23414,0.6882,0.07309,0.00372,4.18121,1.99412
1621242115164126735,32,-32.0618,-5.38259,-29.2779,-0.07752,-2.22011,0.49018,0.07332,0.00219,4.18121,1.99412
1621242115230151084,33,-0.94187,-4.23989,-26.76998,-0.46707,-2.37289,2.80033,0.01001,0.05414,4.18121,1.99412
1621242115230151084,33,-2.87431,-4.27621,-26.93977,-0.37731,-2.36598,2.3358,0.01297,0.03232,4.18121,1.99412
1621242115230151084,33,-4.87957,-4.30786,-27.11469,-0.28876,-2.3592,1.84299,0.01478,0.01901,4.18121,1.99412
1621242115230151084,33,-6.84465,-4.3321,-27.28446,-0.216,-2.34981,1.39567,0.01582,0.01139,4.18121,1.99412
1621242115230151084,33,-8.94926,-4.35138,-27.46424,-0.15494,-2.33809,1.0252,0.01647,0.00663,4.18121,1.99412
1621242115230151084,33,-11.09038,-4.49215,-27.60758,-0.01802,-1.85052,6.20765,0.02953,0.29571,4.18121,1.99412
1621242115230151084,33,-13.21742,-4.7401,-27.7886,-0.41476,-2.33066,1.42386,0.04802,0.17854,4.18121,1.99412
1621242115230151084,33,-15.38094,-4.9297,-27.96566,-0.51593,-2.30484,2.41065,0.05855,0.10297,4.18121,1.99412
1621242115230151084,33,-17.49226,-5.0613,-28.13608,-0.48234,-2.27868,2.5152,0.06421,0.05687,4.18121,1.99412
1621242115230151084,33,-19.47968,-5.15726,-28.29582,-0.4135,-2.27397,2.33013,0.06764,0.03966,4.18121,1.99412
1621242115230151084,33,-21.46518,-5.23185,-28.4538,-0.33751,-2.25986,2.00724,0.06995,0.02598,4.18121,1.99412
1621242115230151084,33,-23.50035,-5.28507,-28.61558,-0.26327,-2.26808,1.59864,0.07136,0.0157,4.18121,1.99412
1621242115230151084,33,-25.51336,-5.32216,-28.77406,-0.2017,-2.25807,1.22284,0.07221,0.00975,4.18121,1.99412
1621242115230151084,33,-27.50593,-5.34809,-28.92927,-0.15239,-2.24675,0.93042,0.07274,0.00614,4.18121,1.99412
1621242115230151084,33,-29.69953,-5.36804,-29.09821,-0.11058,-2.23414,0.6882,0.07309,0.00372,4.18121,1.99412
1621242115230151084,33,-32.0618,-5.38259,-29.2779,-0.07752,-2.22011,0.49018,0.07332,0.00219,4.18121,1.99412
1621242115230151084,33,-34.09625,-5.39112,-29.43082,-0.05667,-2.20668,0.35079,0.07344,0.0014,4.18121,1.99412
1621242115231839226,34,-0.94187,-4.23989,-26.76998,-0.46707,-2.37289,2.80033,0.01001,0.05414,4.18121,1.99412
1621242115231839226,34,-2.87431,-4.27621,-26.93977,-0.37731,-2.36598,2.3358,0.01297,0.03232,4.18121,1.99412
1621242115231839226,34,-4.87957,-4.30786,-27.11469,-0.28876,-2.3592,1.84299,0.01478,0.01901,4.18121,1.99412
1621242115231839226,34,-6.84465,-4.3321,-27.28446,-0.216,-2.34981,1.39567,0.01582,0.01139,4.18121,1.99412
1621242115231839226,34,-8.94926,-4.35138,-27.46424,-0.15494,-2.33809,1.0252,0.01647,0.00663,4.18121,1.99412
1621242115231839226,34,-11.09038,-4.49215,-27.60758,-0.01802,-1.85052,6.20765,0.02953,0.29571,4.18121,1.99412
1621242115231839226,34,-13.21742,-4.7401,-27.7886,-0.41476,-2.33066,1.42386,0.04802,0.17854,4.18121,1.99412
1621242115231839226,34,-15.38094,-4.9297,-27.96566,-0.51593,-2.30484,2.41065,0.05855,0.10297,4.18121,1.99412
1621242115231839226,34,-17.49226,-5.0613,-28.13608,-0.48234,-2.27868,2.5152,0.06421,0.05687,4.18121,1.99412
1621242115231839226,34,-19.47968,-5.15726,-28.29582,-0.4135,-2.27397,2.33013,0.06764,0.03966,4.18121,1.99412
1621242115231839226,34,-21.46518,-5.23185,-28.4538,-0.33751,-2.25986,2.00724,0.06995,0.02598,4.18121,1.99412
1621242115231839226,34,-23.50035,-5.28507,-28.61558,-0.26327,-2.26808,1.59864,0.07136,0.0157,4.18121,1.99412
1621242115231839226,34,-25.51336,-5.32216,-28.77406,-0.2017,-2.25807,1.22284,0.07221,0.00975,4.18121,1.99412
1621242115231839226,34,-27.50593,-5.34809,-28.92927,-0.15239,-2.24675,0.93042,0.07274,0.00614,4.18121,1.99412
1621242115231839226,34,-29.69953,-5.36804,-29.09821,-0.11058,-2.23414,0.6882,0.07309,0.00372,4.18121,1.99412
1621242115231839226,34,-32.0618,-5.38259,-29.2779,-0.07752,-2.22011,0.49018,0.07332,0.00219,4.18121,1.99412
1621242115231839226,34,-34.09625,-5.39112,-29.43082,-0.05667,-2.20668,0.35079,0.07344,0.0014,4.18121,1.99412
1621242115308514277,35,-0.94187,-4.23989,-26.76998,-0.46707,-2.37289,2.80033,0.01001,0.05414,4.18121,1.99412
1621242115308514277,35,-2.87431,-4.27621,-26.93977,-0.37731,-2.36598,2.3358,0.01297,0.03232,4.18121,1.99412
1621242115308514277,35,-4.87957,-4.30786,-27.11469,-0.28876,-2.3592,1.84299,0.01478,0.01901,4.18121,1.99412
1621242115308514277,35,-6.84465,-4.3321,-27.28446,-0.216,-2.34981,1.39567,0.01582,0.01139,4.18121,1.99412
1621242115308514277,35,-8.94926,-4.35138,-27.46424,-0.15494,-2.33809,1.0252,0.01647,0.00663,4.18121,1.99412
1621242115308514277,35,-11.09038,-4.49215,-27.60758,-0.01802,-1.85052,6.20765,0.02953,0.29571,4.18121,1.99412
1621242115308514277,35,-13.21742,-4.7401,-27.7886,-0.41476,-2.33066,1.42386,0.04802,0.17854,4.18121,1.99412
1621242115308514277,35,-15.38094,-4.9297,-27.96566,-0.51593,-2.30484,2.41065,0.05855,0.10297,4.18121,1.99412
1621242115308514277,35,-17.49226,-5.0613,-28.13608,-0.48234,-2.27868,2.5152,0.06421,0.05687,4.18121,1.99412
1621242115308514277,35,-19.47968,-5.15726,-28.29582,-0.4135,-2.27397,2.33013,0.06764,0.03966,4.18121,1.99412
1621242115308514277,35,-21.46518,-5.23185,-28.4538,-0.33751,-2.25986,2.00724,0.06995,0.02598,4.18121,1.99412
1621242115308514277,35,-23.50035,-5.28507,-28.61558,-0.26327,-2.26808,1.59864,0.07136,0.0157,4.18121,1.99412
1621242115308514277,35,-25.51336,-5.32216,-28.77406,-0.2017,-2.25807,1.22284,0.07221,0.00975,4.18121,1.99412
1621242115308514277,35,-27.50593,-5.34809,-28.92927,-0.15239,-2.24675,0.93042,0.07274,0.00614,4.18121,1.99412
1621242115308514277,35,-29.69953,-5.36804,-29.09821,-0.11058,-2.23414,0.6882,0.07309,0.00372,4.18121,1.99412
1621242115308514277,35,-32.0618,-5.38259,-29.2779,-0.07752,-2.22011,0.49018,0.07332,0.00219,4.18121,1.99412
1621242115308514277,35,-34.09625,-5.39112,-29.43082,-0.05667,-2.20668,0.35079,0.07344,0.0014,4.18121,1.99412
1621242115308514277,35,-36.16525,-5.39724,-29.58467,-0.04111,-2.19459,0.25434,0.07351,0.00089,4.18121,1.99412
1621242115311888569,36,-0.94187,-4.23989,-26.76998,-0.46707,-2.37289,2.80033,0.01001,0.05414,4.18121,1.99412
1621242115311888569,36,-2.87431,-4.27621,-26.93977,-0.37731,-2.36598,2.3358,0.01297,0.03232,4.18121,1.99412
1621242115311888569,36,-4.87957,-4.30786,-27.11469,-0.28876,-2.3592,1.84299,0.01478,0.01901,4.18121,1.99412
1621242115311888569,36,-6.84465,-4.3321,-27.28446,-0.216,-2.34981,1.39567,0.01582,0.01139,4.18121,1.99412
1621242115311888569,36,-8.94926,-4.35138,-27.46424,-0.15494,-2.33809,1.0252,0.01647,0.00663,4.18121,1.99412
1621242115311888569,36,-11.09038,-4.49215,-27.60758,-0.01802,-1.85052,6.20765,0.02953,0.29571,4.18121,1.99412
1621242115311888569,36,-13.21742,-4.7401,-27.7886,-0.41476,-2.33066,1.42386,0.04802,0.17854,4.18121,1.99412
1621242115311888569,36,-15.38094,-4.9297,-27.96566,-0.51593,-2.30484,2.41065,0.05855,0.10297,4.18121,1.99412
1621242115311888569,36,-17.49226,-5.0613,-28.13608,-0.48234,-2.27868,2.5152,0.06421,0.05687,4.18121,1.99412
1621242115311888569,36,-19.47968,-5.15726,-28.29582,-0.4135,-2.27397,2.33013,0.06764,0.03966,4.18121,1.99412
1621242115311888569,36,-21.46518,-5.23185,-28.4538,-0.33751,-2.25986,2.00724,0.06995,0.02598,4.18121,1.99412
1621242115311888569,36,-23.50035,-5.28507,-28.61558,-0.26327,-2.26808,1.59864,0.07136,0.0157,4.18121,1.99412
1621242115311888569,36,-25.51336,-5.32216,-28.77406,-0.2017,-2.25807,1.22284,0.07221,0.00975,4.18121,1.99412
1621242115311888569,36,-27.50593,-5.34809,-28.92927,-0.15239,-2.24675,0.93042,0.07274,0.00614,4.18121,1.99412
1621242115311888569,36,-29.69953,-5.36804,-29.09821,-0.11058,-2.23414,0.6882,0.07309,0.00372,4.18121,1.99412
1621242115311888569,36,-32.0618,-5.38259,-29.2779,-0.07752,-2.22011,0.49018,0.07332,0.00219,4.18121,1.99412
1621242115311888569,36,-34.09625,-5.39112,-29.43082,-0.05667,-2.20668,0.35079,0.07344,0.0014,4.18121,1.99412
1621242115311888569,36,-36.16525,-5.39724,-29.58467,-0.04111,-2.19459,0.25434,0.07351,0.00089,4.18121,1.99412
1621242115368407154,37,-0.94187,-4.23989,-26.76998,-0.46707,-2.37289,2.80033,0.01001,0.05414,4.18121,1.99412
1621242115368407154,37,-2.87431,-4.27621,-26.93977,-0.37731,-2.36598,2.3358,0.01297,0.03232,4.18121,1.99412
1621242115368407154,37,-4.87957,-4.30786,-27.11469,-0.28876,-2.3592,1.84299,0.01478,0.01901,4.18121,1.99412
1621242115368407154,37,-6.84465,-4.3321,-27.28446,-0.216,-2.34981,1.39567,0.01582,0.01139,4.18121,1.99412
1621242115368407154,37,-8.94926,-4.35138,-27.46424,-0.15494,-2.33809,1.0252,0.01647,0.00663,4.18121,1.99412
1621242115368407154,37,-11.09038,-4.49215,-27.60758,-0.01802,-1.85052,6.20765,0.02953,0.29571,4.18121,1.99412
1621242115368407154,37,-13.21742,-4.7401,-27.7886,-0.41476,-2.33066,1.42386,0.04802,0.17854,4.18121,1.99412
1621242115368407154,37,-15.38094,-4.9297,-27.96566,-0.51593,-2.30484,2.41065,0.05855,0.10297,4.18121,1.99412
1621242115368407154,37,-17.49226,-5.0613,-28.13608,-0.48234,-2.27868,2.5152,0.06421,0.05687,4.18121,1.99412
1621242115368407154,37,-19.47968,-5.15726,-28.29582,-0.4135,-2.27397,2.33013,0.06764,0.03966,4.18121,1.99412
1621242115368407154,37,-21.46518,-5.23185,-28.4538,-0.33751,-2.25986,2.00724,0.06995,0.02598,4.18121,1.99412
1621242115368407154,37,-23.50035,-5.28507,-28.61558,-0.26327,-2.26808,1.59864,0.07136,0.0157,4.18121,1.99412
1621242115368407154,37,-25.51336,-5.32216,-28.77406,-0.2017,-2.25807,1.22284,0.07221,0.00975,4.18121,1.99412
1621242115368407154,37,-27.50593,-5.34809,-28.92927,-0.15239,-2.24675,0.93042,0.07274,0.00614,4.18121,1.99412
1621242115368407154,37,-29.69953,-5.36804,-29.09821,-0.11058,-2.23414,0.6882,0.07309,0.00372,4.18121,1.99412
1621242115368407154,37,-32.0618,-5.38259,-29.2779,-0.07752,-2.22011,0.49018,0.07332,0.00219,4.18121,1.99412
1621242115368407154,37,-34.09625,-5.39112,-29.43082,-0.05667,-2.20668,0.35079,0.07344,0.0014,4.18121,1.99412
1621242115368407154,37,-36.16525,-5.39724,-29.58467,-0.04111,-2.19459,0.25434,0.07351,0.00089,4.18121,1.99412
1621242115368407154,37,-38.40701,-5.40182,-29.7495,-0.02892,-2.18192,0.18189,0.07356,0.00055,4.18121,1.99412
1621242115373423027,38,-0.94187,-4.23989,-26.76998,-0.46707,-2.37289,2.80033,0.01001,0.05414,4.18121,1.99412
1621242115373423027,38,-2.87431,-4.27621,-26.93977,-0.37731,-2.36598,2.3358,0.01297,0.03232,4.18121,1.99412
1621242115373423027,38,-4.87957,-4.30786,-27.11469,-0.28876,-2.3592,1.84299,0.01478,0.01901,4.18121,1.99412
1621242115373423027,38,-6.84465,-4.3321,-27.28446,-0.216,-2.34981,1.39567,0.01582,0.01139,4.18121,1.99412
1621242115373423027,38,-8.94926,-4.35138,-27.46424,-0.15494,-2.33809,1.0252,0.01647,0.00663,4.18121,1.99412
1621242115373423027,38,-11.09038,-4.49215,-27.60758,-0.01802,-1.85052,6.20765,0.02953,0.29571,4.18121,1.99412
1621242115373423027,38,-13.21742,-4.7401,-27.7886,-0.41476,-2.33066,1.42386,0.04802,0.17854,4.18121,1.99412
1621242115373423027,38,-15.38094,-4.9297,-27.96566,-0.51593,-2.30484,2.41065,0.05855,0.10297,4.18121,1.99412
1621242115373423027,38,-17.49226,-5.0613,-28.13608,-0.48234,-2.27868,2.5152,0.06421,0.05687,4.18121,1.99412
1621242115373423027,38,-19.47968,-5.15726,-28.29582,-0.4135,-2.27397,2.33013,0.06764,0.03966,4.18121,1.99412
1621242115373423027,38,-21.46518,-5.23185,-28.4538,-0.33751,-2.25986,2.00724,0.06995,0.02598,4.18121,1.99412
1621242115373423027,38,-23.50035,-5.28507,-28.61558,-0.26327,-2.26808,1.59864,0.07136,0.0157,4.18121,1.99412
1621242115373423027,38,-25.51336,-5.32216,-28.77406,-0.2017,-2.25807,1.22284,0.07221,0.00975,4.18121,1.99412
1621242115373423027,38,-27.50593,-5.34809,-28.92927,-0.15239,-2.24675,0.93042,0.07274,0.00614,4.18121,1.99412
1621242115373423027,38,-29.69953,-5.36804,-29.09821,-0.11058,-2.23414,0.6882,0.07309,0.00372,4.18121,1.99412
1621242115373423027,38,-32.0618,-5.38259,-29.2779,-0.07752,-2.22011,0.49018,0.07332,0.00219,4.18121,1.99412
1621242115373423027,38,-34.09625,-5.39112,-29.43082,-0.05667,-2.20668,0.35079,0.07344,0.0014,4.18121,1.99412
1621242115373423027,38,-36.16525,-5.39724,-29.58467,-0.04111,-2.19459,0.25434,0.07351,0.00089,4.18121,1.99412
1621242115373423027,38,-38.40702,-5.40182,-29.7495,-0.02892,-2.18192,0.18189,0.07356,0.00055,4.18121,1.99412
1621242115440872309,39,-0.94187,-4.23989,-26.76998,-0.46707,-2.37289,2.80033,0.01001,0.05414,4.18121,1.99412
1621242115440872309,39,-2.87431,-4.27621,-26.93977,-0.37731,-2.36598,2.3358,0.01297,0.03232,4.18121,1.99412
1621242115440872309,39,-4.87957,-4.30786,-27.11469,-0.28876,-2.3592,1.84299,0.01478,0.01901,4.18121,1.99412
1621242115440872309,39,-6.84465,-4.3321,-27.28446,-0.216,-2.34981,1.39567,0.01582,0.01139,4.18121,1.99412
1621242115440872309,39,-8.94926,-4.35138,-27.46424,-0.15494,-2.33809,1.0252,0.01647,0.00663,4.18121,1.99412
1621242115440872309,39,-11.09038,-4.49215,-27.60758,-0.01802,-1.85052,6.20765,0.02953,0.29571,4.18121,1.99412
1621242115440872309,39,-13.21742,-4.7401,-27.7886,-0.41476,-2.33066,1.42386,0.04802,0.17854,4.18121,1.99412
1621242115440872309,39,-15.38094,-4.9297,-27.96566,-0.51593,-2.30484,2.41065,0.05855,0.10297,4.18121,1.99412
1621242115440872309,39,-17.49226,-5.0613,-28.13608,-0.48234,-2.27868,2.5152,0.06421,0.05687,4.18121,1.99412
1621242115440872309,39,-19.47968,-5.15726,-28.29582,-0.4135,-2.27397,2.33013,0.06764,0.03966,4.18121,1.99412
1621242115440872309,39,-21.46518,-5.23185,-28.4538,-0.33751,-2.25986,2.00724,0.06995,0.02598,4.18121,1.99412
1621242115440872309,39,-23.50035,-5.28507,-28.61558,-0.26327,-2.26808,1.59864,0.07136,0.0157,4.18121,1.99412
1621242115440872309,39,-25.51336,-5.32216,-28.77406,-0.2017,-2.25807,1.22284,0.07221,0.00975,4.18121,1.99412
1621242115440872309,39,-27.50593,-5.34809,-28.92927,-0.15239,-2.24675,0.93042,0.07274,0.00614,4.18121,1.99412
1621242115440872309,39,-29.69953,-5.36804,-29.09821,-0.11058,-2.23414,0.6882,0.07309,0.00372,4.18121,1.99412
1621242115440872309,39,-32.0618,-5.38259,-29.2779,-0.07752,-2.22011,0.49018,0.07332,0.00219,4.18121,1.99412
1621242115440872309,39,-34.09625,-5.39112,-29.43082,-0.05667,-2.20668,0.35079,0.07344,0.0014,4.18121,1.99412
1621242115440872309,39,-36.16525,-5.39724,-29.58467,-0.04111,-2.19459,0.25434,0.07351,0.00089,4.18121,1.99412
1621242115440872309,39,-38.40702,-5.40182,-29.7495,-0.02892,-2.18192,0.18189,0.07356,0.00055,4.18121,1.99412
1621242115440872309,39,-40.47871,-5.40471,-29.90018,-0.02082,-2.16979,0.12927,0.07359,0.00035,4.18121,1.99412
1621242115453112762,40,-0.94187,-4.23989,-26.76998,-0.46707,-2.37289,2.80033,0.01001,0.05414,4.18121,1.99412
1621242115453112762,40,-2.87431,-4.27621,-26.93977,-0.37731,-2.36598,2.3358,0.01297,0.03232,4.18121,1.99412
1621242115453112762,40,-4.87957,-4.30786,-27.11469,-0.28876,-2.3592,1.84299,0.01478,0.01901,4.18121,1.99412
1621242115453112762,40,-6.84465,-4.3321,-27.28446,-0.216,-2.34981,1.39567,0.01582,0.01139,4.18121,1.99412
1621242115453112762,40,-8.94926,-4.35138,-27.46424,-0.15494,-2.33809,1.0252,0.01647,0.00663,4.18121,1.99412
1621242115453112762,40,-11.09038,-4.49215,-27.60758,-0.01802,-1.85052,6.20765,0.02953,0.29571,4.18121,1.99412
1621242115453112762,40,-13.21742,-4.7401,-27.7886,-0.41476,-2.33066,1.42386,0.04802,0.17854,4.18121,1.99412
1621242115453112762,40,-15.38094,-4.9297,-27.96566,-0.51593,-2.30484,2.41065,0.05855,0.10297,4.18121,1.99412
1621242115453112762,40,-17.49226,-5.0613,-28.13608,-0.48234,-2.27868,2.5152,0.06421,0.05687,4.18121,1.99412
1621242115453112762,40,-19.47968,-5.15726,-28.29582,-0.4135,-2.27397,2.33013,0.06764,0.03966,4.18121,1.99412
1621242115453112762,40,-21.46518,-5.23185,-28.4538,-0.33751,-2.25986,2.00724,0.06995,0.02598,4.18121,1.99412
1621242115453112762,40,-23.50035,-5.28507,-28.61558,-0.26327,-2.26808,1.59864,0.07136,0.0157,4.18121,1.99412
1621242115453112762,40,-25.51336,-5.32216,-28.77406,-0.2017,-2.25807,1.22284,0.07221,0.00975,4.18121,1.99412
1621242115453112762,40,-27.50593,-5.34809,-28.92927,-0.15239,-2.24675,0.93042,0.07274,0.00614,4.18121,1.99412
1621242115453112762,40,-29.69953,-5.36804,-29.09821,-0.11058,-2.23414,0.6882,0.07309,0.00372,4.18121,1.99412
1621242115453112762,40,-32.0618,-5.38259,-29.2779,-0.07752,-2.22011,0.49018,0.07332,0.00219,4.18121,1.99412
1621242115453112762,40,-34.09625,-5.39112,-29.43082,-0.05667,-2.20668,0.35079,0.07344,0.0014,4.18121,1.99412
1621242115453112762,40,-36.16525,-5.39724,-29.58467,-0.04111,-2.19459,0.25434,0.07351,0.00089,4.18121,1.99412
1621242115453112762,40,-38.40702,-5.40182,-29.7495,-0.02892,-2.18192,0.18189,0.07356,0.00055,4.18121,1.99412
1621242115453112762,40,-40.47871,-5.40471,-29.90018,-0.02082,-2.16979,0.12927,0.07359,0.00035,4.18121,1.99412
1621242115520746856,41,-0.94187,-4.23989,-26.76998,-0.46707,-2.37289,2.80033,0.01001,0.05414,4.18121,1.99412
1621242115520746856,41,-2.87431,-4.27621,-26.93977,-0.37731,-2.36598,2.3358,0.01297,0.03232,4.18121,1.99412
1621242115520746856,41,-4.87957,-4.30786,-27.11469,-0.28876,-2.3592,1.84299,0.01478,0.01901,4.18121,1.99412
1621242115520746856,41,-6.84465,-4.3321,-27.28446,-0.216,-2.34981,1.39567,0.01582,0.01139,4.18121,1.99412
1621242115520746856,41,-8.94926,-4.35138,-27.46424,-0.15494,-2.33809,1.0252,0.01647,0.00663,4.18121,1.99412
1621242115520746856,41,-11.09038,-4.49215,-27.60758,-0.01802,-1.85052,6.20765,0.02953,0.29571,4.18121,1.99412
1621242115520746856,41,-13.21742,-4.7401,-27.7886,-0.41476,-2.33066,1.42386,0.04802,0.17854,4.18121,1.99412
1621242115520746856,41,-15.38094,-4.9297,-27.96566,-0.51593,-2.30484,2.41065,0.05855,0.10297,4.18121,1.99412
1621242115520746856,41,-17.49226,-5.0613,-28.13608,-0.48234,-2.27868,2.5152,0.06421,0.05687,4.18121,1.99412
1621242115520746856,41,-19.47968,-5.15726,-28.29582,-0.4135,-2.27397,2.33013,0.06764,0.03966,4.18121,1.99412
1621242115520746856,41,-21.46518,-5.23185,-28.4538,-0.33751,-2.25986,2.00724,0.06995,0.02598,4.18121,1.99412
1621242115520746856,41,-23.50035,-5.28507,-28.61558,-0.26327,-2.26808,1.59864,0.07136,0.0157,4.18121,1.99412
1621242115520746856,41,-25.51336,-5.32216,-28.77406,-0.2017,-2.25807,1.22284,0.07221,0.00975,4.18121,1.99412
1621242115520746856,41,-27.50593,-5.34809,-28.92927,-0.15239,-2.24675,0.93042,0.07274,0.00614,4.18121,1.99412
1621242115520746856,41,-29.69953,-5.36804,-29.09821,-0.11058,-2.23414,0.6882,0.07309,0.00372,4.18121,1.99412
1621242115520746856,41,-32.0618,-5.38259,-29.2779,-0.07752,-2.22011,0.49018,0.07332,0.00219,4.18121,1.99412
1621242115520746856,41,-34.09625,-5.39112,-29.43082,-0.05667,-2.20668,0.35079,0.07344,0.0014,4.18121,1.99412
1621242115520746856,41,-36.16525,-5.39724,-29.58467,-0.04111,-2.19459,0.25434,0.07351,0.00089,4.18121,1.99412
1621242115520746856,41,-38.40702,-5.40182,-29.7495,-0.02892,-2.18192,0.18189,0.07356,0.00055,4.18121,1.99412
1621242115520746856,41,-40.47871,-5.40471,-29.90018,-0.02082,-2.16979,0.12927,0.07359,0.00035,4.18121,1.99412
1621242115520746856,41,-42.64302,-5.40678,-30.05594,-0.01476,-2.15803,0.09202,0.07361,0.00022,4.18121,1.99412
1621242115522914038,42,-0.94187,-4.23989,-26.76998,-0.46707,-2.37289,2.80033,0.01001,0.05414,4.18121,1.99412
1621242115522914038,42,-2.87431,-4.27621,-26.93977,-0.37731,-2.36598,2.3358,0.01297,0.03232,4.18121,1.99412
1621242115522914038,42,-4.87957,-4.30786,-27.11469,-0.28876,-2.3592,1.84299,0.01478,0.01901,4.18121,1.99412
1621242115522914038,42,-6.84465,-4.3321,-27.28446,-0.216,-2.34981,1.39567,0.01582,0.01139,4.18121,1.99412
1621242115522914038,42,-8.94926,-4.35138,-27.46424,-0.15494,-2.33809,1.0252,0.01647,0.00663,4.18121,1.99412
1621242115522914038,42,-11.09038,-4.49215,-27.60758,-0.01802,-1.85052,6.20765,0.02953,0.29571,4.18121,1.99412
1621242115522914038,42,-13.21742,-4.7401,-27.7886,-0.41476,-2.33066,1.42386,0.04802,0.17854,4.18121,1.99412
1621242115522914038,42,-15.38094,-4.9297,-27.96566,-0.51593,-2.30484,2.41065,0.05855,0.10297,4.18121,1.99412
1621242115522914038,42,-17.49226,-5.0613,-28.13608,-0.48234,-2.27868,2.5152,0.06421,0.05687,4.18121,1.99412
1621242115522914038,42,-19.47968,-5.15726,-28.29582,-0.4135,-2.27397,2.33013,0.06764,0.03966,4.18121,1.99412
1621242115522914038,42,-21.46518,-5.23185,-28.4538,-0.33751,-2.25986,2.00724,0.06995,0.02598,4.18121,1.99412
1621242115522914038,42,-23.50035,-5.28507,-28.61558,-0.26327,-2.26808,1.59864,0.07136,0.0157,4.18121,1.99412
1621242115522914038,42,-25.51336,-5.32216,-28.77406,-0.2017,-2.25807,1.22284,0.07221,0.00975,4.18121,1.99412
1621242115522914038,42,-27.50593,-5.34809,-28.92927,-0.15239,-2.24675,0.93042,0.07274,0.00614,4.18121,1.99412
1621242115522914038,42,-29.69953,-5.36804,-29.09821,-0.11058,-2.23414,0.6882,0.07309,0.00372,4.18121,1.99412
1621242115522914038,42,-32.0618,-5.38259,-29.2779,-0.07752,-2.22011,0.49018,0.07332,0.00219,4.18121,1.99412
1621242115522914038,42,-34.09625,-5.39112,-29.43082,-0.05667,-2.20668,0.35079,0.07344,0.0014,4.18121,1.99412
1621242115522914038,42,-36.16525,-5.39724,-29.58467,-0.04111,-2.19459,0.25434,0.07351,0.00089,4.18121,1.99412
1621242115522914038,42,-38.40702,-5.40182,-29.7495,-0.02892,-2.18192,0.18189,0.07356,0.00055,4.18121,1.99412
1621242115522914038,42,-40.47871,-5.40471,-29.90018,-0.02082,-2.16979,0.12927,0.07359,0.00035,4.18121,1.99412
1621242115522914038,42,-42.64302,-5.40678,-30.05594,-0.01476,-2.15803,0.09202,0.07361,0.00022,4.18121,1.99412
1621242115598729435,43,-0.94187,-4.23989,-26.76998,-0.46707,-2.37289,2.80033,0.01001,0.05414,4.18121,1.99412
1621242115598729435,43,-2.87431,-4.27621,-26.93977,-0.37731,-2.36598,2.3358,0.01297,0.03232,4.18121,1.99412
1621242115598729435,43,-4.87957,-4.30786,-27.11469,-0.28876,-2.3592,1.84299,0.01478,0.01901,4.18121,1.99412
1621242115598729435,43,-6.84465,-4.3321,-27.28446,-0.216,-2.34981,1.39567,0.01582,0.01139,4.18121,1.99412
1621242115598729435,43,-8.94926,-4.35138,-27.46424,-0.15494,-2.33809,1.0252,0.01647,0.00663,4.18121,1.99412
1621242115598729435,43,-11.09038,-4.49215,-27.60758,-0.01802,-1.85052,6.20765,0.02953,0.29571,4.18121,1.99412
1621242115598729435,43,-13.21742,-4.7401,-27.7886,-0.41476,-2.33066,1.42386,0.04802,0.17854,4.18121,1.99412
1621242115598729435,43,-15.38094,-4.9297,-27.96566,-0.51593,-2.30484,2.41065,0.05855,0.10297,4.18121,1.99412
1621242115598729435,43,-17.49226,-5.0613,-28.13608,-0.48234,-2.27868,2.5152,0.06421,0.05687,4.18121,1.99412
1621242115598729435,43,-19.47968,-5.15726,-28.29582,-0.4135,-2.27397,2.33013,0.06764,0.03966,4.18121,1.99412
1621242115598729435,43,-21.46518,-5.23185,-28.4538,-0.33751,-2.25986,2.00724,0.06995,0.02598,4.18121,1.99412
1621242115598729435,43,-23.50035,-5.28507,-28.61558,-0.26327,-2.26808,1.59864,0.07136,0.0157,4.18121,1.99412
1621242115598729435,43,-25.51336,-5.32216,-28.77406,-0.2017,-2.25807,1.22284,0.07221,0.00975,4.18121,1.99412
1621242115598729435,43,-27.50593,-5.34809,-28.92927,-0.15239,-2.24675,0.93042,0.07274,0.00614,4.18121,1.99412
1621242115598729435,43,-29.69953,-5.36804,-29.09821,-0.11058,-2.23414,0.6882,0.07309,0.00372,4.18121,1.99412
1621242115598729435,43,-32.0618,-5.38259,-29.2779,-0.07752,-2.22011,0.49018,0.07332,0.00219,4.18121,1.99412
1621242115598729435,43,-34.09625,-5.39112,-29.43082,-0.05667,-2.20668,0.35079,0.07344,0.0014,4.18121,1.99412
1621242115598729435,43,-36.16525,-5.39724,-29.58467,-0.04111,-2.19459,0.25434,0.07351,0.00089,4.18121,1.99412
1621242115598729435,43,-38.40702,-5.40182,-29.7495,-0.02892,-2.18192,0.18189,0.07356,0.00055,4.18121,1.99412
1621242115598729435,43,-40.47871,-5.40471,-29.90018,-0.02082,-2.16979,0.12927,0.07359,0.00035,4.18121,1.99412
1621242115598729435,43,-42.64302,-5.40678,-30.05594,-0.01476,-2.15803,0.09202,0.07361,0.00022,4.18121,1.99412
1621242115598729435,43,-45.04558,-5.40837,-30.22694,-0.01006,-2.14602,0.0641,0.07363,0.00013,4.18121,1.99412
1621242115603280600,44,-0.94187,-4.23989,-26.76998,-0.46707,-2.37289,2.80033,0.01001,0.05414,4.18121,1.99412
1621242115603280600,44,-2.87431,-4.27621,-26.93977,-0.37731,-2.36598,2.3358,0.01297,0.03232,4.18121,1.99412
1621242115603280600,44,-4.87957,-4.30786,-27.11469,-0.28876,-2.3592,1.84299,0.01478,0.01901,4.18121,1.99412
1621242115603280600,44,-6.84465,-4.3321,-27.28446,-0.216,-2.34981,1.39567,0.01582,0.01139,4.18121,1.99412
1621242115603280600,44,-8.94926,-4.35138,-27.46424,-0.15494,-2.33809,1.0252,0.01647,0.00663,4.18121,1.99412
1621242115603280600,44,-11.09038,-4.49215,-27.60758,-0.01802,-1.85052,6.20765,0.02953,0.29571,4.18121,1.99412
1621242115603280600,44,-13.21742,-4.7401,-27.7886,-0.41476,-2.33066,1.42386,0.04802,0.17854,4.18121,1.99412
1621242115603280600,44,-15.38094,-4.9297,-27.96566,-0.51593,-2.30484,2.41065,0.05855,0.10297,4.18121,1.99412
1621242115603280600,44,-17.49226,-5.0613,-28.13608,-0.48234,-2.27868,2.5152,0.06421,0.05687,4.18121,1.99412
1621242115603280600,44,-19.47968,-5.15726,-28.29582,-0.4135,-2.27397,2.33013,0.06764,0.03966,4.18121,1.99412
1621242115603280600,44,-21.46518,-5.23185,-28.4538,-0.33751,-2.25986,2.00724,0.06995,0.02598,4.18121,1.99412
1621242115603280600,44,-23.50035,-5.28507,-28.61558,-0.26327,-2.26808,1.59864,0.07136,0.0157,4.18121,1.99412
1621242115603280600,44,-25.51336,-5.32216,-28.77406,-0.2017,-2.25807,1.22284,0.07221,0.00975,4.18121,1.99412
1621242115603280600,44,-27.50593,-5.34809,-28.92927,-0.15239,-2.24675,0.93042,0.07274,0.00614,4.18121,1.99412
1621242115603280600,44,-29.69953,-5.36804,-29.09821,-0.11058,-2.23414,0.6882,0.07309,0.00372,4.18121,1.99412
1621242115603280600,44,-32.0618,-5.38259,-29.2779,-0.07752,-2.22011,0.49018,0.07332,0.00219,4.18121,1.99412
1621242115603280600,44,-34.09625,-5.39112,-29.43082,-0.05667,-2.20668,0.35079,0.07344,0.0014,4.18121,1.99412
1621242115603280600,44,-36.16525,-5.39724,-29.58467,-0.04111,-2.19459,0.25434,0.07351,0.00089,4.18121,1.99412
1621242115603280600,44,-38.40702,-5.40182,-29.7495,-0.02892,-2.18192,0.18189,0.07356,0.00055,4.18121,1.99412
1621242115603280600,44,-40.47871,-5.40471,-29.90018,-0.02082,-2.16979,0.12927,0.07359,0.00035,4.18121,1.99412
1621242115603280600,44,-42.64302,-5.40678,-30.05594,-0.01476,-2.15803,0.09202,0.07361,0.00022,4.18121,1.99412
1621242115603280600,44,-45.04558,-5.40837,-30.22694,-0.01006,-2.14602,0.0641,0.07363,0.00013,4.18121,1.99412
1621242115680848627,45,-0.94187,-4.23989,-26.76998,-0.46707,-2.37289,2.80033,0.01001,0.05414,4.18121,1.99412
1621242115680848627,45,-2.87431,-4.27621,-26.93977,-0.37731,-2.36598,2.3358,0.01297,0.03232,4.18121,1.99412
1621242115680848627,45,-4.87957,-4.30786,-27.11469,-0.28876,-2.3592,1.84299,0.01478,0.01901,4.18121,1.99412
1621242115680848627,45,-6.84465,-4.3321,-27.28446,-0.216,-2.34981,1.39567,0.01582,0.01139,4.18121,1.99412
1621242115680848627,45,-8.94926,-4.35138,-27.46424,-0.15494,-2.33809,1.0252,0.01647,0.00663,4.18121,1.99412
1621242115680848627,45,-11.09038,-4.49215,-27.60758,-0.01802,-1.85052,6.20765,0.02953,0.29571,4.18121,1.99412
1621242115680848627,45,-13.21742,-4.7401,-27.7886,-0.41476,-2.33066,1.42386,0.04802,0.17854,4.18121,1.99412
1621242115680848627,45,-15.38094,-4.9297,-27.96566,-0.51593,-2.30484,2.41065,0.05855,0.10297,4.18121,1.99412
1621242115680848627,45,-17.49226,-5.0613,-28.13608,-0.48234,-2.27868,2.5152,0.06421,0.05687,4.18121,1.99412
1621242115680848627,45,-19.47968,-5.15726,-28.29582,-0.4135,-2.27397,2.33013,0.06764,0.03966,4.18121,1.99412
1621242115680848627,45,-21.46518,-5.23185,-28.4538,-0.33751,-2.25986,2.00724,0.06995,0.02598,4.18121,1.99412
1621242115680848627,45,-23.50035,-5.28507,-28.61558,-0.26327,-2.26808,1.59864,0.07136,0.0157,4.18121,1.99412
1621242115680848627,45,-25.51336,-5.32216,-28.77406,-0.2017,-2.25807,1.22284,0.07221,0.00975,4.18121,1.99412
1621242115680848627,45,-27.50593,-5.34809,-28.92927,-0.15239,-2.24675,0.93042,0.07274,0.00614,4.18121,1.99412
1621242115680848627,45,-29.69953,-5.36804,-29.09821,-0.11058,-2.23414,0.6882,0.07309,0.00372,4.18121,1.99412
1621242115680848627,45,-32.0618,-5.38259,-29.2779,-0.07752,-2.22011,0.49018,0.07332,0.00219,4.18121,1.99412
1621242115680848627,45,-34.09625,-5.39112,-29.43082,-0.05667,-2.20668,0.35079,0.07344,0.0014,4.18121,1.99412
1621242115680848627,45,-36.16525,-5.39724,-29.58467,-0.04111,-2.19459,0.25434,0.07351,0.00089,4.18121,1.99412
1621242115680848627,45,-38.40702,-5.40182,-29.7495,-0.02892,-2.18192,0.18189,0.07356,0.00055,4.18121,1.99412
1621242115680848627,45,-40.47871,-5.40471,-29.90018,-0.02082,-2.16979,0.12927,0.07359,0.00035,4.18121,1.99412
1621242115680848627,45,-42.64302,-5.40678,-30.05594,-0.01476,-2.15803,0.09202,0.07361,0.00022,4.18121,1.99412
1621242115680848627,45,-45.04558,-5.40837,-30.22694,-0.01006,-2.14602,0.0641,0.07363,0.00013,4.18121,1.99412
1621242115680848627,45,-47.28346,-5.4093,-30.38448,-0.00701,-2.13404,0.044,0.07363,8e-05,4.18121,1.99412
1621242115683461069,46,-0.94187,-4.23989,-26.76998,-0.46707,-2.37289,2.80033,0.01001,0.05414,4.18121,1.99412
1621242115683461069,46,-2.87431,-4.27621,-26.93977,-0.37731,-2.36598,2.3358,0.01297,0.03232,4.18121,1.99412
1621242115683461069,46,-4.87957,-4.30786,-27.11469,-0.28876,-2.3592,1.84299,0.01478,0.01901,4.18121,1.99412
1621242115683461069,46,-6.84465,-4.3321,-27.28446,-0.216,-2.34981,1.39567,0.01582,0.01139,4.18121,1.99412
1621242115683461069,46,-8.94926,-4.35138,-27.46424,-0.15494,-2.33809,1.0252,0.01647,0.00663,4.18121,1.99412
1621242115683461069,46,-11.09038,-4.49215,-27.60758,-0.01802,-1.85052,6.20765,0.02953,0.29571,4.18121,1.99412
1621242115683461069,46,-13.21742,-4.7401,-27.7886,-0.41476,-2.33066,1.42386,0.04802,0.17854,4.18121,1.99412
1621242115683461069,46,-15.38094,-4.9297,-27.96566,-0.51593,-2.30484,2.41065,0.05855,0.10297,4.18121,1.99412
1621242115683461069,46,-17.49226,-5.0613,-28.13608,-0.48234,-2.27868,2.5152,0.06421,0.05687,4.18121,1.99412
1621242115683461069,46,-19.47968,-5.15726,-28.29582,-0.4135,-2.27397,2.33013,0.06764,0.03966,4.18121,1.99412
1621242115683461069,46,-21.46518,-5.23185,-28.4538,-0.33751,-2.25986,2.00724,0.06995,0.02598,4.18121,1.99412
1621242115683461069,46,-23.50035,-5.28507,-28.61558,-0.26327,-2.26808,1.59864,0.07136,0.0157,4.18121,1.99412
1621242115683461069,46,-25.51336,-5.32216,-28.77406,-0.2017,-2.25807,1.22284,0.07221,0.00975,4.18121,1.99412
1621242115683461069,46,-27.50593,-5.34809,-28.92927,-0.15239,-2.24675,0.93042,0.07274,0.00614,4.18121,1.99412
1621242115683461069,46,-29.69953,-5.36804,-29.09821,-0.11058,-2.23414,0.6882,0.07309,0.00372,4.18121,1.99412
1621242115683461069,46,-32.0618,-5.38259,-29.2779,-0.07752,-2.22011,0.49018,0.07332,0.00219,4.18121,1.99412
1621242115683461069,46,-34.09625,-5.39112,-29.43082,-0.05667,-2.20668,0.35079,0.07344,0.0014,4.18121,1.99412
1621242115683461069,46,-36.16525,-5.39724,-29.58467,-0.04111,-2.19459,0.25434,0.07351,0.00089,4.18121,1.99412
1621242115683461069,46,-38.40702,-5.40182,-29.7495,-0.02892,-2.18192,0.18189,0.07356,0.00055,4.18121,1.99412
1621242115683461069,46,-40.47871,-5.40471,-29.90018,-0.02082,-2.16979,0.12927,0.07359,0.00035,4.18121,1.99412
1621242115683461069,46,-42.64302,-5.40678,-30.05594,-0.01476,-2.15803,0.09202,0.07361,0.00022,4.18121,1.99412
1621242115683461069,46,-45.04558,-5.40837,-30.22694,-0.01006,-2.14602,0.0641,0.07363,0.00013,4.18121,1.99412
1621242115683461069,46,-47.28346,-5.4093,-30.38448,-0.00701,-2.13404,0.044,0.07363,8e-05,4.18121,1.99412
