1620451779326327086,sensor2,1,-148.84918,-39.18777,0.55577,17.36054,0.59702,3.042,-1.53616,0.00736
1620451779341885874,sensor2,1,-148.84918,-39.18777,0.55577,17.36054,0.59702,3.042,-1.53616,0.00736
1620451779357880163,sensor2,1,-148.84918,-39.18777,0.55577,17.36054,0.59702,3.042,-1.53616,0.00736
1620451779373858027,sensor2,1,-148.84918,-39.18777,0.55577,17.36054,0.59702,3.042,-1.53616,0.00736
1620451779393689490,sensor2,1,-148.84918,-39.18777,0.55577,17.36054,0.59702,3.042,-1.53616,0.00736
1620451779406340601,sensor1,1,-148.80798,-37.92661,0.58627,17.57826,0.42278,3.01812,-1.53581,0.00334
1620451779408287311,sensor2,1,-148.80798,-37.92661,0.58627,17.57826,0.42278,3.01812,-1.53581,0.00334
1620451779422018790,sensor1,1,-148.80798,-37.92661,0.58627,17.57826,0.42278,3.01812,-1.53581,0.00334
1620451779423528531,sensor2,1,-148.80798,-37.92661,0.58627,17.57826,0.42278,3.01812,-1.53581,0.00334
1620451779437994042,sensor1,1,-148.80798,-37.92661,0.58627,17.57826,0.42278,3.01812,-1.53581,0.00334
1620451779439434303,sensor2,1,-148.80798,-37.92661,0.58627,17.57826,0.42278,3.01812,-1.53581,0.00334
1620451779454013404,sensor1,1,-148.80798,-37.92661,0.58627,17.57826,0.42278,3.01812,-1.53581,0.00334
1620451779455452593,sensor2,1,-148.80798,-37.92661,0.58627,17.57826,0.42278,3.01812,-1.53581,0.00334
1620451779469989805,sensor1,1,-148.80798,-37.92661,0.58627,17.57826,0.42278,3.01812,-1.53581,0.00334
1620451779471298825,sensor2,1,-148.80798,-37.92661,0.58627,17.57826,0.42278,3.01812,-1.53581,0.00334
1620451779485885901,sensor1,1,-148.80798,-37.92661,0.58627,17.57826,0.42278,3.01812,-1.53581,0.00334
1620451779486690321,sensor2,1,-148.80798,-37.92661,0.58627,17.57826,0.42278,3.01812,-1.53581,0.00334
1620451779501818617,sensor1,1,-148.80798,-37.92661,0.58627,17.57826,0.42278,3.01812,-1.53581,0.00334
1620451779502633164,sensor2,1,-148.80798,-37.92661,0.58627,17.57826,0.42278,3.01812,-1.53581,0.00334
1620451779517972777,sensor1,1,-148.76004,-36.50859,0.61023,17.81728,0.29929,2.98569,-1.53564,0.00145
1620451779519354495,sensor2,1,-148.76004,-36.50859,0.61023,17.81728,0.29929,2.98569,-1.53564,0.00145
1620451779533998919,sensor1,1,-148.76004,-36.50859,0.61023,17.81728,0.29929,2.98569,-1.53564,0.00145
1620451779535387156,sensor2,1,-148.76004,-36.50859,0.61023,17.81728,0.29929,2.98569,-1.53564,0.00145
1620451779550045841,sensor1,1,-148.76004,-36.50859,0.61023,17.81728,0.29929,2.98569,-1.53564,0.00145
1620451779551492124,sensor2,1,-148.76004,-36.50859,0.61023,17.81728,0.29929,2.98569,-1.53564,0.00145
1620451779566065293,sensor1,1,-148.76004,-36.50859,0.61023,17.81728,0.29929,2.98569,-1.53564,0.00145
1620451779567445181,sensor2,1,-148.76004,-36.50859,0.61023,17.81728,0.29929,2.98569,-1.53564,0.00145
1620451779581844416,sensor1,1,-148.76004,-36.50859,0.61023,17.81728,0.29929,2.98569,-1.53564,0.00145
1620451779582649497,sensor2,1,-148.76004,-36.50859,0.61023,17.81728,0.29929,2.98569,-1.53564,0.00145
1620451779598076595,sensor1,1,-148.69814,-34.71722,0.63074,18.11047,0.20595,2.94367,-1.53555,0.00054
1620451779600509463,sensor2,1,-148.69814,-34.71722,0.63074,18.11047,0.20595,2.94367,-1.53555,0.00054
1620451779613879225,sensor1,1,-148.69814,-34.71722,0.63074,18.11047,0.20595,2.94367,-1.53555,0.00054
1620451779614717294,sensor2,1,-148.69814,-34.71722,0.63074,18.11047,0.20595,2.94367,-1.53555,0.00054
1620451779629868090,sensor1,1,-148.69814,-34.71722,0.63074,18.11047,0.20595,2.94367,-1.53555,0.00054
1620451779630685142,sensor2,1,-148.69814,-34.71722,0.63074,18.11047,0.20595,2.94367,-1.53555,0.00054
1620451779645854548,sensor1,1,-148.69814,-34.71722,0.63074,18.11047,0.20595,2.94367,-1.53555,0.00054
1620451779646692789,sensor2,1,-148.69814,-34.71722,0.63074,18.11047,0.20595,2.94367,-1.53555,0.00054
1620451779661846696,sensor1,1,-148.69814,-34.71722,0.63074,18.11047,0.20595,2.94367,-1.53555,0.00054
1620451779662697244,sensor2,1,-148.69814,-34.71722,0.63074,18.11047,0.20595,2.94367,-1.53555,0.00054
1620451779677877185,sensor1,1,-148.69814,-34.71722,0.63074,18.11047,0.20595,2.94367,-1.53555,0.00054
1620451779678660664,sensor2,1,-148.69814,-34.71722,0.63074,18.11047,0.20595,2.94367,-1.53555,0.00054
1620451779693847159,sensor1,1,-148.69814,-34.71722,0.63074,18.11047,0.20595,2.94367,-1.53555,0.00054
1620451779694599886,sensor2,1,-148.69814,-34.71722,0.63074,18.11047,0.20595,2.94367,-1.53555,0.00054
1620451779709837062,sensor1,1,-148.63873,-33.01681,0.64497,18.38123,0.1529,2.90828,-1.53552,0.0002
1620451779710607625,sensor2,1,-148.63873,-33.01681,0.64497,18.38123,0.1529,2.90828,-1.53552,0.0002
1620451779725922951,sensor1,1,-148.63873,-33.01681,0.64497,18.38123,0.1529,2.90828,-1.53552,0.0002
1620451779727209965,sensor2,1,-148.63873,-33.01681,0.64497,18.38123,0.1529,2.90828,-1.53552,0.0002
1620451779741842643,sensor1,1,-148.63873,-33.01681,0.64497,18.38123,0.1529,2.90828,-1.53552,0.0002
1620451779742640091,sensor2,1,-148.63873,-33.01681,0.64497,18.38123,0.1529,2.90828,-1.53552,0.0002
1620451779762584632,sensor1,1,-148.63873,-33.01681,0.64497,18.38123,0.1529,2.90828,-1.53552,0.0002
1620451779763597664,sensor2,1,-148.63873,-33.01681,0.64497,18.38123,0.1529,2.90828,-1.53552,0.0002
1620451779773822385,sensor1,1,-148.63873,-33.01681,0.64497,18.38123,0.1529,2.90828,-1.53552,0.0002
1620451779774605876,sensor2,1,-148.63873,-33.01681,0.64497,18.38123,0.1529,2.90828,-1.53552,0.0002
1620451779789845854,sensor1,1,-148.57356,-31.16285,0.65741,18.66908,0.12424,2.87506,-1.53551,8e-05
1620451779790699241,sensor2,1,-148.57356,-31.16285,0.65741,18.66908,0.12424,2.87506,-1.53551,8e-05
1620451779805931891,sensor1,1,-148.57356,-31.16285,0.65741,18.66908,0.12424,2.87506,-1.53551,8e-05
1620451779806866392,sensor2,1,-148.57356,-31.16285,0.65741,18.66908,0.12424,2.87506,-1.53551,8e-05
1620451779821869380,sensor1,1,-148.57356,-31.16285,0.65741,18.66908,0.12424,2.87506,-1.53551,8e-05
1620451779822816349,sensor2,1,-148.57356,-31.16285,0.65741,18.66908,0.12424,2.87506,-1.53551,8e-05
1620451779838271223,sensor1,1,-148.57356,-31.16285,0.65741,18.66908,0.12424,2.87506,-1.53551,8e-05
1620451779845923374,sensor2,1,-148.57356,-31.16285,0.65741,18.66908,0.12424,2.87506,-1.53551,8e-05
1620451779853836314,sensor1,1,-148.57356,-31.16285,0.65741,18.66908,0.12424,2.87506,-1.53551,8e-05
1620451779854665614,sensor2,1,-148.57356,-31.16285,0.65741,18.66908,0.12424,2.87506,-1.53551,8e-05
1620451779869894723,sensor1,1,-148.51895,-29.61301,0.66659,18.90431,0.11133,2.85326,-1.53551,3e-05
1620451779870837954,sensor2,1,-148.51895,-29.61301,0.66659,18.90431,0.11133,2.85326,-1.53551,3e-05
1620451779885868913,sensor1,1,-148.51895,-29.61301,0.66659,18.90431,0.11133,2.85326,-1.53551,3e-05
1620451779886687264,sensor2,1,-148.51895,-29.61301,0.66659,18.90431,0.11133,2.85326,-1.53551,3e-05
1620451779901860870,sensor1,1,-148.51895,-29.61301,0.66659,18.90431,0.11133,2.85326,-1.53551,3e-05
1620451779902673798,sensor2,1,-148.51895,-29.61301,0.66659,18.90431,0.11133,2.85326,-1.53551,3e-05
1620451779917873704,sensor1,1,-148.51895,-29.61301,0.66659,18.90431,0.11133,2.85326,-1.53551,3e-05
1620451779918898595,sensor2,1,-148.51895,-29.61301,0.66659,18.90431,0.11133,2.85326,-1.53551,3e-05
1620451779933874126,sensor1,1,-148.51895,-29.61301,0.66659,18.90431,0.11133,2.85326,-1.53551,3e-05
1620451779934740012,sensor2,1,-148.51895,-29.61301,0.66659,18.90431,0.11133,2.85326,-1.53551,3e-05
1620451779949848994,sensor1,1,-148.51895,-29.61301,0.66659,18.90431,0.11133,2.85326,-1.53551,3e-05
1620451779950609424,sensor2,1,-148.51895,-29.61301,0.66659,18.90431,0.11133,2.85326,-1.53551,3e-05
1620451779965857599,sensor1,1,-148.4622,-27.99646,0.67814,19.14332,0.13604,2.81542,-1.53551,-0.00043
1620451779966751390,sensor2,1,-148.4622,-27.99646,0.67814,19.14332,0.13604,2.81542,-1.53551,-0.00043
1620451779982068502,sensor1,1,-148.4622,-27.99646,0.67814,19.14332,0.13604,2.81542,-1.53551,-0.00043
1620451779983133756,sensor2,1,-148.4622,-27.99646,0.67814,19.14332,0.13604,2.81542,-1.53551,-0.00043
1620451779997864398,sensor1,1,-148.4622,-27.99646,0.67814,19.14332,0.13604,2.81542,-1.53551,-0.00043
1620451779998694216,sensor2,1,-148.4622,-27.99646,0.67814,19.14332,0.13604,2.81542,-1.53551,-0.00043
1620451780017718826,sensor1,1,-148.4622,-27.99646,0.67814,19.14332,0.13604,2.81542,-1.53551,-0.00043
1620451780019061413,sensor2,1,-148.4622,-27.99646,0.67814,19.14332,0.13604,2.81542,-1.53551,-0.00043
1620451780029959965,sensor1,1,-148.4622,-27.99646,0.67814,19.14332,0.13604,2.81542,-1.53551,-0.00043
1620451780031230263,sensor2,1,-148.4622,-27.99646,0.67814,19.14332,0.13604,2.81542,-1.53551,-0.00043
1620451780045987844,sensor1,1,-148.40132,-26.27926,0.68317,19.39296,0.05654,2.80346,-1.53555,-0.00026
1620451780047282346,sensor2,1,-148.40132,-26.27926,0.68317,19.39296,0.05654,2.80346,-1.53555,-0.00026
1620451780062006394,sensor1,1,-148.40132,-26.27926,0.68317,19.39296,0.05654,2.80346,-1.53555,-0.00026
1620451780063326325,sensor2,1,-148.40132,-26.27926,0.68317,19.39296,0.05654,2.80346,-1.53555,-0.00026
1620451780078019024,sensor1,1,-148.40132,-26.27926,0.68317,19.39296,0.05654,2.80346,-1.53555,-0.00026
1620451780079161917,sensor2,1,-148.40132,-26.27926,0.68317,19.39296,0.05654,2.80346,-1.53555,-0.00026
1620451780093839389,sensor1,1,-148.40132,-26.27926,0.68317,19.39296,0.05654,2.80346,-1.53555,-0.00026
1620451780094671929,sensor2,1,-148.40132,-26.27926,0.68317,19.39296,0.05654,2.80346,-1.53555,-0.00026
1620451780113712544,sensor1,1,-148.40132,-26.27926,0.68317,19.39296,0.05654,2.80346,-1.53555,-0.00026
1620451780114634242,sensor2,1,-148.40132,-26.27926,0.68317,19.39296,0.05654,2.80346,-1.53555,-0.00026
1620451780126162102,sensor1,1,-148.34544,-24.6911,0.6921,19.61858,0.10973,2.77282,-1.53556,-7e-05
1620451780128503870,sensor2,1,-148.34544,-24.6911,0.6921,19.61858,0.10973,2.77282,-1.53556,-7e-05
1620451780141884096,sensor1,1,-148.34544,-24.6911,0.6921,19.61858,0.10973,2.77282,-1.53556,-7e-05
1620451780142738243,sensor2,1,-148.34544,-24.6911,0.6921,19.61858,0.10973,2.77282,-1.53556,-7e-05
1620451780157916785,sensor1,1,-148.34544,-24.6911,0.6921,19.61858,0.10973,2.77282,-1.53556,-7e-05
1620451780158811148,sensor2,1,-148.34544,-24.6911,0.6921,19.61858,0.10973,2.77282,-1.53556,-7e-05
1620451780173848527,sensor1,1,-148.34544,-24.6911,0.6921,19.61858,0.10973,2.77282,-1.53556,-7e-05
1620451780174668166,sensor2,1,-148.34544,-24.6911,0.6921,19.61858,0.10973,2.77282,-1.53556,-7e-05
1620451780194856537,sensor1,1,-148.34544,-24.6911,0.6921,19.61858,0.10973,2.77282,-1.53556,-7e-05
1620451780195713780,sensor2,1,-148.34544,-24.6911,0.6921,19.61858,0.10973,2.77282,-1.53556,-7e-05
1620451780207695808,sensor1,1,-148.28265,-22.91376,0.69939,19.8677,0.081,2.76928,-1.53555,0.00011
1620451780209097648,sensor2,1,-148.28265,-22.91376,0.69939,19.8677,0.081,2.76928,-1.53555,0.00011
1620451780222972600,sensor1,1,-148.28265,-22.91376,0.69939,19.8677,0.081,2.76928,-1.53555,0.00011
1620451780223977101,sensor2,1,-148.28265,-22.91376,0.69939,19.8677,0.081,2.76928,-1.53555,0.00011
1620451780238924482,sensor1,1,-148.28265,-22.91376,0.69939,19.8677,0.081,2.76928,-1.53555,0.00011
1620451780239938403,sensor2,1,-148.28265,-22.91376,0.69939,19.8677,0.081,2.76928,-1.53555,0.00011
1620451780254899357,sensor1,1,-148.28265,-22.91376,0.69939,19.8677,0.081,2.76928,-1.53555,0.00011
1620451780255884009,sensor2,1,-148.28265,-22.91376,0.69939,19.8677,0.081,2.76928,-1.53555,0.00011
1620451780273888281,sensor1,1,-148.28265,-22.91376,0.69939,19.8677,0.081,2.76928,-1.53555,0.00011
1620451780274722646,sensor2,1,-148.28265,-22.91376,0.69939,19.8677,0.081,2.76928,-1.53555,0.00011
1620451780285957232,sensor1,1,-148.28265,-22.91376,0.69939,19.8677,0.081,2.76928,-1.53555,0.00011
1620451780286744233,sensor2,1,-148.28265,-22.91376,0.69939,19.8677,0.081,2.76928,-1.53555,0.00011
1620451780301970654,sensor1,1,-148.22644,-21.31823,0.7076,20.08737,0.10284,2.75236,-1.53555,6e-05
1620451780302893703,sensor2,1,-148.22644,-21.31823,0.7076,20.08737,0.10284,2.75236,-1.53555,6e-05
1620451780318197827,sensor1,1,-148.22644,-21.31823,0.7076,20.08737,0.10284,2.75236,-1.53555,6e-05
1620451780319426237,sensor2,1,-148.22644,-21.31823,0.7076,20.08737,0.10284,2.75236,-1.53555,6e-05
1620451780333967978,sensor1,1,-148.22644,-21.31823,0.7076,20.08737,0.10284,2.75236,-1.53555,6e-05
1620451780334998484,sensor2,1,-148.22644,-21.31823,0.7076,20.08737,0.10284,2.75236,-1.53555,6e-05
1620451780353804573,sensor1,1,-148.22644,-21.31823,0.7076,20.08737,0.10284,2.75236,-1.53555,6e-05
1620451780354824216,sensor2,1,-148.22644,-21.31823,0.7076,20.08737,0.10284,2.75236,-1.53555,6e-05
1620451780365958600,sensor1,1,-148.22644,-21.31823,0.7076,20.08737,0.10284,2.75236,-1.53555,6e-05
1620451780366791295,sensor2,1,-148.22644,-21.31823,0.7076,20.08737,0.10284,2.75236,-1.53555,6e-05
1620451780381898610,sensor1,1,-148.1643,-19.55554,0.71641,20.32593,0.10109,2.73651,-1.53554,3e-05
1620451780382755554,sensor2,1,-148.1643,-19.55554,0.71641,20.32593,0.10109,2.73651,-1.53554,3e-05
1620451780397984645,sensor1,1,-148.1643,-19.55554,0.71641,20.32593,0.10109,2.73651,-1.53554,3e-05
1620451780398874725,sensor2,1,-148.1643,-19.55554,0.71641,20.32593,0.10109,2.73651,-1.53554,3e-05
1620451780414008975,sensor1,1,-148.1643,-19.55554,0.71641,20.32593,0.10109,2.73651,-1.53554,3e-05
1620451780414841023,sensor2,1,-148.1643,-19.55554,0.71641,20.32593,0.10109,2.73651,-1.53554,3e-05
1620451780437155764,sensor1,1,-148.1643,-19.55554,0.71641,20.32593,0.10109,2.73651,-1.53554,3e-05
1620451780438183366,sensor2,1,-148.1643,-19.55554,0.71641,20.32593,0.10109,2.73651,-1.53554,3e-05
1620451780445907714,sensor1,1,-148.1643,-19.55554,0.71641,20.32593,0.10109,2.73651,-1.53554,3e-05
1620451780446783809,sensor2,1,-148.1643,-19.55554,0.71641,20.32593,0.10109,2.73651,-1.53554,3e-05
1620451780461934517,sensor1,1,-148.09439,-17.96114,1.14979,20.48228,5.55013,2.00237,-1.52351,0.28249
1620451780462886137,sensor2,1,-148.09439,-17.96114,1.14979,20.48228,5.55013,2.00237,-1.52351,0.28249
1620451780477858031,sensor1,1,-148.09439,-17.96114,1.14979,20.48228,5.55013,2.00237,-1.52351,0.28249
1620451780478768829,sensor2,1,-148.09439,-17.96114,1.14979,20.48228,5.55013,2.00237,-1.52351,0.28249
1620451780493883624,sensor1,1,-148.09439,-17.96114,1.14979,20.48228,5.55013,2.00237,-1.52351,0.28249
1620451780494865728,sensor2,1,-148.09439,-17.96114,1.14979,20.48228,5.55013,2.00237,-1.52351,0.28249
1620451780514636296,sensor1,1,-148.09439,-17.96114,1.14979,20.48228,5.55013,2.00237,-1.52351,0.28249
1620451780516038224,sensor2,1,-148.09439,-17.96114,1.14979,20.48228,5.55013,2.00237,-1.52351,0.28249
1620451780525997660,sensor1,1,-148.09439,-17.96114,1.14979,20.48228,5.55013,2.00237,-1.52351,0.28249
1620451780527490412,sensor2,1,-148.09439,-17.96114,1.14979,20.48228,5.55013,2.00237,-1.52351,0.28249
1620451780541908329,sensor1,1,-148.00235,-16.2332,1.1855,20.70871,0.42602,2.701,-1.50661,0.13781
1620451780542946708,sensor2,1,-148.00235,-16.2332,1.1855,20.70871,0.42602,2.701,-1.50661,0.13781
1620451780557863406,sensor1,1,-148.00235,-16.2332,1.1855,20.70871,0.42602,2.701,-1.50661,0.13781
1620451780558701353,sensor2,1,-148.00235,-16.2332,1.1855,20.70871,0.42602,2.701,-1.50661,0.13781
1620451780573901162,sensor1,1,-148.00235,-16.2332,1.1855,20.70871,0.42602,2.701,-1.50661,0.13781
1620451780574732269,sensor2,1,-148.00235,-16.2332,1.1855,20.70871,0.42602,2.701,-1.50661,0.13781
1620451780589880018,sensor1,1,-148.00235,-16.2332,1.1855,20.70871,0.42602,2.701,-1.50661,0.13781
1620451780590688272,sensor2,1,-148.00235,-16.2332,1.1855,20.70871,0.42602,2.701,-1.50661,0.13781
1620451780609665028,sensor1,1,-148.00235,-16.2332,1.1855,20.70871,0.42602,2.701,-1.50661,0.13781
1620451780610685658,sensor2,1,-148.00235,-16.2332,1.1855,20.70871,0.42602,2.701,-1.50661,0.13781
1620451780621815719,sensor1,1,-148.00235,-16.2332,1.1855,20.70871,0.42602,2.701,-1.50661,0.13781
1620451780622781745,sensor2,1,-148.00235,-16.2332,1.1855,20.70871,0.42602,2.701,-1.50661,0.13781
1620451780637876944,sensor1,1,-147.90056,-14.49295,1.30638,20.92734,1.4471,2.61729,-1.49896,0.06323
1620451780638697458,sensor2,1,-147.90056,-14.49295,1.30638,20.92734,1.4471,2.61729,-1.49896,0.06323
1620451780654037687,sensor1,1,-147.90056,-14.49295,1.30638,20.92734,1.4471,2.61729,-1.49896,0.06323
1620451780654992798,sensor2,1,-147.90056,-14.49295,1.30638,20.92734,1.4471,2.61729,-1.49896,0.06323
1620451780669941289,sensor1,1,-147.90056,-14.49295,1.30638,20.92734,1.4471,2.61729,-1.49896,0.06323
1620451780670804683,sensor2,1,-147.90056,-14.49295,1.30638,20.92734,1.4471,2.61729,-1.49896,0.06323
1620451780691703523,sensor1,1,-147.90056,-14.49295,1.30638,20.92734,1.4471,2.61729,-1.49896,0.06323
1620451780692535688,sensor2,1,-147.90056,-14.49295,1.30638,20.92734,1.4471,2.61729,-1.49896,0.06323
1620451780701815039,sensor1,1,-147.90056,-14.49295,1.30638,20.92734,1.4471,2.61729,-1.49896,0.06323
1620451780702601871,sensor2,1,-147.90056,-14.49295,1.30638,20.92734,1.4471,2.61729,-1.49896,0.06323
1620451780717854986,sensor1,1,-147.78345,-12.68659,1.4336,21.15003,1.48263,2.59522,-1.49538,0.02869
1620451780718764754,sensor2,1,-147.78345,-12.68659,1.4336,21.15003,1.48263,2.59522,-1.49538,0.02869
1620451780734020757,sensor1,1,-147.78345,-12.68659,1.4336,21.15003,1.48263,2.59522,-1.49538,0.02869
1620451780735243654,sensor2,1,-147.78345,-12.68659,1.4336,21.15003,1.48263,2.59522,-1.49538,0.02869
1620451780750009198,sensor1,1,-147.78345,-12.68659,1.4336,21.15003,1.48263,2.59522,-1.49538,0.02869
1620451780751272124,sensor2,1,-147.78345,-12.68659,1.4336,21.15003,1.48263,2.59522,-1.49538,0.02869
1620451780765857724,sensor1,1,-147.78345,-12.68659,1.4336,21.15003,1.48263,2.59522,-1.49538,0.02869
1620451780766811422,sensor2,1,-147.78345,-12.68659,1.4336,21.15003,1.48263,2.59522,-1.49538,0.02869
1620451780781890526,sensor1,1,-147.78345,-12.68659,1.4336,21.15003,1.48263,2.59522,-1.49538,0.02869
1620451780782719583,sensor2,1,-147.78345,-12.68659,1.4336,21.15003,1.48263,2.59522,-1.49538,0.02869
1620451780797925295,sensor1,1,-147.65942,-10.90868,1.53236,21.36754,1.18157,2.60237,-1.49377,0.01342
1620451780798869330,sensor2,1,-147.65942,-10.90868,1.53236,21.36754,1.18157,2.60237,-1.49377,0.01342
1620451780813880759,sensor1,1,-147.65942,-10.90868,1.53236,21.36754,1.18157,2.60237,-1.49377,0.01342
1620451780814711599,sensor2,1,-147.65942,-10.90868,1.53236,21.36754,1.18157,2.60237,-1.49377,0.01342
1620451780829855253,sensor1,1,-147.65942,-10.90868,1.53236,21.36754,1.18157,2.60237,-1.49377,0.01342
1620451780830648524,sensor2,1,-147.65942,-10.90868,1.53236,21.36754,1.18157,2.60237,-1.49377,0.01342
1620451780846058201,sensor1,1,-147.65942,-10.90868,1.53236,21.36754,1.18157,2.60237,-1.49377,0.01342
1620451780848373545,sensor2,1,-147.65942,-10.90868,1.53236,21.36754,1.18157,2.60237,-1.49377,0.01342
1620451780861850683,sensor1,1,-147.65942,-10.90868,1.53236,21.36754,1.18157,2.60237,-1.49377,0.01342
1620451780862675581,sensor2,1,-147.65942,-10.90868,1.53236,21.36754,1.18157,2.60237,-1.49377,0.01342
1620451780878558198,sensor1,1,-147.52483,-9.06815,1.607,21.59114,0.87158,2.61106,-1.493,0.00622
1620451780880653067,sensor2,1,-147.52483,-9.06815,1.607,21.59114,0.87158,2.61106,-1.493,0.00622
1620451780893851779,sensor1,1,-147.52483,-9.06815,1.607,21.59114,0.87158,2.61106,-1.493,0.00622
1620451780894658664,sensor2,1,-147.52483,-9.06815,1.607,21.59114,0.87158,2.61106,-1.493,0.00622
1620451780909844532,sensor1,1,-147.52483,-9.06815,1.607,21.59114,0.87158,2.61106,-1.493,0.00622
1620451780910622652,sensor2,1,-147.52483,-9.06815,1.607,21.59114,0.87158,2.61106,-1.493,0.00622
1620451780925848988,sensor1,1,-147.52483,-9.06815,1.607,21.59114,0.87158,2.61106,-1.493,0.00622
1620451780926643615,sensor2,1,-147.52483,-9.06815,1.607,21.59114,0.87158,2.61106,-1.493,0.00622
1620451780945881652,sensor1,1,-147.52483,-9.06815,1.607,21.59114,0.87158,2.61106,-1.493,0.00622
1620451780947144405,sensor2,1,-147.52483,-9.06815,1.607,21.59114,0.87158,2.61106,-1.493,0.00622
1620451780957836223,sensor1,1,-147.52483,-9.06815,1.607,21.59114,0.87158,2.61106,-1.493,0.00622
1620451780958669122,sensor2,1,-147.52483,-9.06815,1.607,21.59114,0.87158,2.61106,-1.493,0.00622
1620451780973853122,sensor1,1,-147.38841,-7.25703,1.6598,21.80917,0.63298,2.61375,-1.49265,0.00298
1620451780974634462,sensor2,1,-147.38841,-7.25703,1.6598,21.80917,0.63298,2.61375,-1.49265,0.00298
1620451780989936051,sensor1,1,-147.38841,-7.25703,1.6598,21.80917,0.63298,2.61375,-1.49265,0.00298
1620451780990872617,sensor2,1,-147.38841,-7.25703,1.6598,21.80917,0.63298,2.61375,-1.49265,0.00298
1620451781005848690,sensor1,1,-147.38841,-7.25703,1.6598,21.80917,0.63298,2.61375,-1.49265,0.00298
1620451781006670934,sensor2,1,-147.38841,-7.25703,1.6598,21.80917,0.63298,2.61375,-1.49265,0.00298
1620451781025514281,sensor1,1,-147.38841,-7.25703,1.6598,21.80917,0.63298,2.61375,-1.49265,0.00298
1620451781026599209,sensor2,1,-147.38841,-7.25703,1.6598,21.80917,0.63298,2.61375,-1.49265,0.00298
1620451781037824157,sensor1,1,-147.38841,-7.25703,1.6598,21.80917,0.63298,2.61375,-1.49265,0.00298
1620451781038625477,sensor2,1,-147.38841,-7.25703,1.6598,21.80917,0.63298,2.61375,-1.49265,0.00298
1620451781053928490,sensor1,1,-147.24551,-5.39264,1.69983,22.03106,0.47093,2.61035,-1.49248,0.00143
1620451781054964623,sensor2,1,-147.24551,-5.39264,1.69983,22.03106,0.47093,2.61035,-1.49248,0.00143
1620451781069877813,sensor1,1,-147.24551,-5.39264,1.69983,22.03106,0.47093,2.61035,-1.49248,0.00143
1620451781070692153,sensor2,1,-147.24551,-5.39264,1.69983,22.03106,0.47093,2.61035,-1.49248,0.00143
1620451781085854110,sensor1,1,-147.24551,-5.39264,1.69983,22.03106,0.47093,2.61035,-1.49248,0.00143
1620451781086675991,sensor2,1,-147.24551,-5.39264,1.69983,22.03106,0.47093,2.61035,-1.49248,0.00143
1620451781105659908,sensor1,1,-147.24551,-5.39264,1.69983,22.03106,0.47093,2.61035,-1.49248,0.00143
1620451781106780886,sensor2,1,-147.24551,-5.39264,1.69983,22.03106,0.47093,2.61035,-1.49248,0.00143
1620451781117856977,sensor1,1,-147.24551,-5.39264,1.69983,22.03106,0.47093,2.61035,-1.49248,0.00143
1620451781118658696,sensor2,1,-147.24551,-5.39264,1.69983,22.03106,0.47093,2.61035,-1.49248,0.00143
1620451781133948863,sensor1,1,-147.0983,-3.49271,1.73111,22.25428,0.36476,2.60302,-1.49239,0.0007
1620451781134803874,sensor2,1,-147.0983,-3.49271,1.73111,22.25428,0.36476,2.60302,-1.49239,0.0007
1620451781149851243,sensor1,1,-147.0983,-3.49271,1.73111,22.25428,0.36476,2.60302,-1.49239,0.0007
1620451781150666937,sensor2,1,-147.0983,-3.49271,1.73111,22.25428,0.36476,2.60302,-1.49239,0.0007
1620451781165856115,sensor1,1,-147.0983,-3.49271,1.73111,22.25428,0.36476,2.60302,-1.49239,0.0007
1620451781166672733,sensor2,1,-147.0983,-3.49271,1.73111,22.25428,0.36476,2.60302,-1.49239,0.0007
1620451781186930482,sensor1,1,-147.0983,-3.49271,1.73111,22.25428,0.36476,2.60302,-1.49239,0.0007
1620451781188155212,sensor2,1,-147.0983,-3.49271,1.73111,22.25428,0.36476,2.60302,-1.49239,0.0007
1620451781198869927,sensor1,1,-147.0983,-3.49271,1.73111,22.25428,0.36476,2.60302,-1.49239,0.0007
1620451781199896998,sensor2,1,-147.0983,-3.49271,1.73111,22.25428,0.36476,2.60302,-1.49239,0.0007
1620451781215524041,sensor1,1,-146.95926,-1.70918,1.75505,22.46103,0.30028,2.59319,-1.49235,0.00036
1620451781216532057,sensor2,1,-146.95926,-1.70918,1.75505,22.46103,0.30028,2.59319,-1.49235,0.00036
1620451781230921429,sensor1,1,-146.95926,-1.70918,1.75505,22.46103,0.30028,2.59319,-1.49235,0.00036
1620451781231927589,sensor2,1,-146.95926,-1.70918,1.75505,22.46103,0.30028,2.59319,-1.49235,0.00036
1620451781246913407,sensor1,1,-146.95926,-1.70918,1.75505,22.46103,0.30028,2.59319,-1.49235,0.00036
1620451781247909125,sensor2,1,-146.95926,-1.70918,1.75505,22.46103,0.30028,2.59319,-1.49235,0.00036
1620451781261930498,sensor1,1,-146.95926,-1.70918,1.75505,22.46103,0.30028,2.59319,-1.49235,0.00036
1620451781263041438,sensor2,1,-146.95926,-1.70918,1.75505,22.46103,0.30028,2.59319,-1.49235,0.00036
1620451781277907921,sensor1,1,-146.95926,-1.70918,1.75505,22.46103,0.30028,2.59319,-1.49235,0.00036
1620451781278924936,sensor2,1,-146.95926,-1.70918,1.75505,22.46103,0.30028,2.59319,-1.49235,0.00036
1620451781293835095,sensor1,1,-146.95926,-1.70918,1.75505,22.46103,0.30028,2.59319,-1.49235,0.00036
1620451781294752187,sensor2,1,-146.95926,-1.70918,1.75505,22.46103,0.30028,2.59319,-1.49235,0.00036
1620451781310024803,sensor1,1,-146.80977,0.20148,1.77709,22.67948,0.26055,2.58184,-1.49233,0.00019
1620451781311142196,sensor2,1,-146.80977,0.20148,1.77709,22.67948,0.26055,2.58184,-1.49233,0.00019
1620451781325983872,sensor1,1,-146.80977,0.20148,1.77709,22.67948,0.26055,2.58184,-1.49233,0.00019
1620451781327190741,sensor2,1,-146.80977,0.20148,1.77709,22.67948,0.26055,2.58184,-1.49233,0.00019
1620451781341942096,sensor1,1,-146.80977,0.20148,1.77709,22.67948,0.26055,2.58184,-1.49233,0.00019
1620451781343070654,sensor2,1,-146.80977,0.20148,1.77709,22.67948,0.26055,2.58184,-1.49233,0.00019
1620451781361743874,sensor1,1,-146.80977,0.20148,1.77709,22.67948,0.26055,2.58184,-1.49233,0.00019
1620451781362708926,sensor2,1,-146.80977,0.20148,1.77709,22.67948,0.26055,2.58184,-1.49233,0.00019
1620451781373899092,sensor1,1,-146.80977,0.20148,1.77709,22.67948,0.26055,2.58184,-1.49233,0.00019
1620451781374716979,sensor2,1,-146.80977,0.20148,1.77709,22.67948,0.26055,2.58184,-1.49233,0.00019
1620451781389929524,sensor1,1,-146.65909,2.12307,1.79696,22.89602,0.2357,2.56931,-1.49232,1e-04
1620451781390835743,sensor2,1,-146.65909,2.12307,1.79696,22.89602,0.2357,2.56931,-1.49232,1e-04
1620451781405913074,sensor1,1,-146.65909,2.12307,1.79696,22.89602,0.2357,2.56931,-1.49232,1e-04
1620451781406742590,sensor2,1,-146.65909,2.12307,1.79696,22.89602,0.2357,2.56931,-1.49232,1e-04
1620451781421868959,sensor1,1,-146.65909,2.12307,1.79696,22.89602,0.2357,2.56931,-1.49232,1e-04
1620451781422656307,sensor2,1,-146.65909,2.12307,1.79696,22.89602,0.2357,2.56931,-1.49232,1e-04
1620451781438451785,sensor1,1,-146.65909,2.12307,1.79696,22.89602,0.2357,2.56931,-1.49232,1e-04
1620451781443443969,sensor2,1,-146.65909,2.12307,1.79696,22.89602,0.2357,2.56931,-1.49232,1e-04
1620451781453833960,sensor1,1,-146.65909,2.12307,1.79696,22.89602,0.2357,2.56931,-1.49232,1e-04
1620451781454595959,sensor2,1,-146.65909,2.12307,1.79696,22.89602,0.2357,2.56931,-1.49232,1e-04
1620451781470377160,sensor1,1,-146.49747,4.1814,1.81666,23.12452,0.22032,2.55583,-1.49231,6e-05
1620451781471911617,sensor2,1,-146.49747,4.1814,1.81666,23.12452,0.22032,2.55583,-1.49231,6e-05
1620451781485986770,sensor1,1,-146.49747,4.1814,1.81666,23.12452,0.22032,2.55583,-1.49231,6e-05
1620451781487276499,sensor2,1,-146.49747,4.1814,1.81666,23.12452,0.22032,2.55583,-1.49231,6e-05
1620451781502072622,sensor1,1,-146.49747,4.1814,1.81666,23.12452,0.22032,2.55583,-1.49231,6e-05
1620451781503494784,sensor2,1,-146.49747,4.1814,1.81666,23.12452,0.22032,2.55583,-1.49231,6e-05
1620451781517990317,sensor1,1,-146.49747,4.1814,1.81666,23.12452,0.22032,2.55583,-1.49231,6e-05
1620451781519347351,sensor2,1,-146.49747,4.1814,1.81666,23.12452,0.22032,2.55583,-1.49231,6e-05
1620451781534227556,sensor1,1,-146.49747,4.1814,1.81666,23.12452,0.22032,2.55583,-1.49231,6e-05
1620451781541742635,sensor2,1,-146.49747,4.1814,1.81666,23.12452,0.22032,2.55583,-1.49231,6e-05
1620451781549850686,sensor1,1,-146.49747,4.1814,1.81666,23.12452,0.22032,2.55583,-1.49231,6e-05
1620451781550628949,sensor2,1,-146.49747,4.1814,1.81666,23.12452,0.22032,2.55583,-1.49231,6e-05
1620451781565966617,sensor1,1,-146.36214,6.09786,1.37583,23.32681,-5.34443,2.45258,-1.50561,-0.29893
1620451781566848601,sensor2,1,-146.36214,6.09786,1.37583,23.32681,-5.34443,2.45258,-1.50561,-0.29893
1620451781581868997,sensor1,1,-146.36214,6.09786,1.37583,23.32681,-5.34443,2.45258,-1.50561,-0.29893
1620451781582708356,sensor2,1,-146.36214,6.09786,1.37583,23.32681,-5.34443,2.45258,-1.50561,-0.29893
1620451781597875488,sensor1,1,-146.36214,6.09786,1.37583,23.32681,-5.34443,2.45258,-1.50561,-0.29893
1620451781598746108,sensor2,1,-146.36214,6.09786,1.37583,23.32681,-5.34443,2.45258,-1.50561,-0.29893
1620451781613920151,sensor1,1,-146.36214,6.09786,1.37583,23.32681,-5.34443,2.45258,-1.50561,-0.29893
1620451781615366644,sensor2,1,-146.36214,6.09786,1.37583,23.32681,-5.34443,2.45258,-1.50561,-0.29893
1620451781629948005,sensor1,1,-146.36214,6.09786,1.37583,23.32681,-5.34443,2.45258,-1.50561,-0.29893
1620451781630803194,sensor2,1,-146.36214,6.09786,1.37583,23.32681,-5.34443,2.45258,-1.50561,-0.29893
1620451781646006074,sensor1,1,-146.36214,6.09786,1.37583,23.32681,-5.34443,2.45258,-1.50561,-0.29893
1620451781648553394,sensor2,1,-146.25258,8.28035,0.74671,23.54436,-6.75729,2.33661,-1.54516,-0.50531
1620451781661852387,sensor1,1,-146.25258,8.28035,0.74671,23.54436,-6.75729,2.33661,-1.54516,-0.50531
1620451781662695826,sensor2,1,-146.25258,8.28035,0.74671,23.54436,-6.75729,2.33661,-1.54516,-0.50531
1620451781677884695,sensor1,1,-146.25258,8.28035,0.74671,23.54436,-6.75729,2.33661,-1.54516,-0.50531
1620451781678799662,sensor2,1,-146.25258,8.28035,0.74671,23.54436,-6.75729,2.33661,-1.54516,-0.50531
1620451781693866068,sensor1,1,-146.25258,8.28035,0.74671,23.54436,-6.75729,2.33661,-1.54516,-0.50531
1620451781694684309,sensor2,1,-146.25258,8.28035,0.74671,23.54436,-6.75729,2.33661,-1.54516,-0.50531
1620451781710382323,sensor1,1,-146.25258,8.28035,0.74671,23.54436,-6.75729,2.33661,-1.54516,-0.50531
1620451781715532872,sensor2,1,-146.25258,8.28035,0.74671,23.54436,-6.75729,2.33661,-1.54516,-0.50531
1620451781725841113,sensor1,1,-146.25258,8.28035,0.74671,23.54436,-6.75729,2.33661,-1.54516,-0.50531
1620451781726679934,sensor2,1,-146.25258,8.28035,0.74671,23.54436,-6.75729,2.33661,-1.54516,-0.50531
1620451781741929181,sensor1,1,-146.18858,10.29608,0.51305,23.761,-2.74299,2.54335,-1.57646,-0.26754
1620451781742840446,sensor2,1,-146.18858,10.29608,0.51305,23.761,-2.74299,2.54335,-1.57646,-0.26754
1620451781757871195,sensor1,1,-146.18858,10.29608,0.51305,23.761,-2.74299,2.54335,-1.57646,-0.26754
1620451781758707153,sensor2,1,-146.18858,10.29608,0.51305,23.761,-2.74299,2.54335,-1.57646,-0.26754
1620451781773844187,sensor1,1,-146.18858,10.29608,0.51305,23.761,-2.74299,2.54335,-1.57646,-0.26754
1620451781774606911,sensor2,1,-146.18858,10.29608,0.51305,23.761,-2.74299,2.54335,-1.57646,-0.26754
1620451781789814905,sensor1,1,-146.18858,10.29608,0.51305,23.761,-2.74299,2.54335,-1.57646,-0.26754
1620451781790553309,sensor2,1,-146.18858,10.29608,0.51305,23.761,-2.74299,2.54335,-1.57646,-0.26754
1620451781809423538,sensor1,1,-146.18858,10.29608,0.51305,23.761,-2.74299,2.54335,-1.57646,-0.26754
1620451781810536774,sensor2,1,-146.18858,10.29608,0.51305,23.761,-2.74299,2.54335,-1.57646,-0.26754
1620451781821946759,sensor1,1,-146.18858,10.29608,0.51305,23.761,-2.74299,2.54335,-1.57646,-0.26754
1620451781823569955,sensor2,1,-146.15497,12.4477,0.14226,23.98151,-4.1159,2.44765,-1.59327,-0.13416
1620451781837882257,sensor1,1,-146.15497,12.4477,0.14226,23.98151,-4.1159,2.44765,-1.59327,-0.13416
1620451781838740898,sensor2,1,-146.15497,12.4477,0.14226,23.98151,-4.1159,2.44765,-1.59327,-0.13416
1620451781853859515,sensor1,1,-146.15497,12.4477,0.14226,23.98151,-4.1159,2.44765,-1.59327,-0.13416
1620451781854761391,sensor2,1,-146.15497,12.4477,0.14226,23.98151,-4.1159,2.44765,-1.59327,-0.13416
1620451781869862788,sensor1,1,-146.15497,12.4477,0.14226,23.98151,-4.1159,2.44765,-1.59327,-0.13416
1620451781870680554,sensor2,1,-146.15497,12.4477,0.14226,23.98151,-4.1159,2.44765,-1.59327,-0.13416
1620451781889554772,sensor1,1,-146.15497,12.4477,0.14226,23.98151,-4.1159,2.44765,-1.59327,-0.13416
1620451781890585493,sensor2,1,-146.15497,12.4477,0.14226,23.98151,-4.1159,2.44765,-1.59327,-0.13416
1620451781901829273,sensor1,1,-146.15497,12.4477,0.14226,23.98151,-4.1159,2.44765,-1.59327,-0.13416
1620451781902646060,sensor2,1,-146.15497,12.4477,0.14226,23.98151,-4.1159,2.44765,-1.59327,-0.13416
1620451781917883523,sensor1,1,-146.15614,14.5212,-0.18593,24.18932,-3.81414,2.41515,-1.6014,-0.0691
1620451781918771704,sensor2,1,-146.15614,14.5212,-0.18593,24.18932,-3.81414,2.41515,-1.6014,-0.0691
1620451781933893611,sensor1,1,-146.15614,14.5212,-0.18593,24.18932,-3.81414,2.41515,-1.6014,-0.0691
1620451781934822878,sensor2,1,-146.15614,14.5212,-0.18593,24.18932,-3.81414,2.41515,-1.6014,-0.0691
1620451781949878639,sensor1,1,-146.15614,14.5212,-0.18593,24.18932,-3.81414,2.41515,-1.6014,-0.0691
1620451781950686549,sensor2,1,-146.15614,14.5212,-0.18593,24.18932,-3.81414,2.41515,-1.6014,-0.0691
1620451781969276895,sensor1,1,-146.15614,14.5212,-0.18593,24.18932,-3.81414,2.41515,-1.6014,-0.0691
1620451781970378308,sensor2,1,-146.15614,14.5212,-0.18593,24.18932,-3.81414,2.41515,-1.6014,-0.0691
1620451781981804932,sensor1,1,-146.15614,14.5212,-0.18593,24.18932,-3.81414,2.41515,-1.6014,-0.0691
1620451781982534292,sensor2,1,-146.15614,14.5212,-0.18593,24.18932,-3.81414,2.41515,-1.6014,-0.0691
1620451781997936644,sensor1,1,-146.1831,16.59296,-0.44131,24.39622,-2.99591,2.42714,-1.60555,-0.03556
1620451781998819839,sensor2,1,-146.1831,16.59296,-0.44131,24.39622,-2.99591,2.42714,-1.60555,-0.03556
1620451782013876531,sensor1,1,-146.1831,16.59296,-0.44131,24.39622,-2.99591,2.42714,-1.60555,-0.03556
1620451782014717881,sensor2,1,-146.1831,16.59296,-0.44131,24.39622,-2.99591,2.42714,-1.60555,-0.03556
1620451782029876622,sensor1,1,-146.1831,16.59296,-0.44131,24.39622,-2.99591,2.42714,-1.60555,-0.03556
1620451782030736946,sensor2,1,-146.1831,16.59296,-0.44131,24.39622,-2.99591,2.42714,-1.60555,-0.03556
1620451782045843757,sensor1,1,-146.1831,16.59296,-0.44131,24.39622,-2.99591,2.42714,-1.60555,-0.03556
1620451782046689309,sensor2,1,-146.1831,16.59296,-0.44131,24.39622,-2.99591,2.42714,-1.60555,-0.03556
1620451782067648178,sensor1,1,-146.1831,16.59296,-0.44131,24.39622,-2.99591,2.42714,-1.60555,-0.03556
1620451782068496987,sensor2,1,-146.1831,16.59296,-0.44131,24.39622,-2.99591,2.42714,-1.60555,-0.03556
1620451782077908659,sensor1,1,-146.1831,16.59296,-0.44131,24.39622,-2.99591,2.42714,-1.60555,-0.03556
1620451782078918604,sensor2,1,-146.1831,16.59296,-0.44131,24.39622,-2.99591,2.42714,-1.60555,-0.03556
1620451782093867616,sensor1,1,-146.22641,18.57954,-0.61907,24.59447,-2.19285,2.44571,-1.60761,-0.0189
1620451782094743098,sensor2,1,-146.22641,18.57954,-0.61907,24.59447,-2.19285,2.44571,-1.60761,-0.0189
1620451782109871762,sensor1,1,-146.22641,18.57954,-0.61907,24.59447,-2.19285,2.44571,-1.60761,-0.0189
1620451782110730743,sensor2,1,-146.22641,18.57954,-0.61907,24.59447,-2.19285,2.44571,-1.60761,-0.0189
1620451782125863371,sensor1,1,-146.22641,18.57954,-0.61907,24.59447,-2.19285,2.44571,-1.60761,-0.0189
1620451782126752280,sensor2,1,-146.22641,18.57954,-0.61907,24.59447,-2.19285,2.44571,-1.60761,-0.0189
1620451782145778589,sensor1,1,-146.22641,18.57954,-0.61907,24.59447,-2.19285,2.44571,-1.60761,-0.0189
1620451782146809104,sensor2,1,-146.22641,18.57954,-0.61907,24.59447,-2.19285,2.44571,-1.60761,-0.0189
1620451782157960797,sensor1,1,-146.22641,18.57954,-0.61907,24.59447,-2.19285,2.44571,-1.60761,-0.0189
1620451782159171621,sensor2,1,-146.22641,18.57954,-0.61907,24.59447,-2.19285,2.44571,-1.60761,-0.0189
1620451782173875036,sensor1,1,-146.28934,20.8243,-0.7575,24.8176,-1.52429,2.45685,-1.6088,-0.00935
1620451782174676203,sensor2,1,-146.28934,20.8243,-0.7575,24.8176,-1.52429,2.45685,-1.6088,-0.00935
1620451782190907115,sensor1,1,-146.28934,20.8243,-0.7575,24.8176,-1.52429,2.45685,-1.6088,-0.00935
1620451782191940184,sensor2,1,-146.28934,20.8243,-0.7575,24.8176,-1.52429,2.45685,-1.6088,-0.00935
1620451782206914301,sensor1,1,-146.28934,20.8243,-0.7575,24.8176,-1.52429,2.45685,-1.6088,-0.00935
1620451782207890789,sensor2,1,-146.28934,20.8243,-0.7575,24.8176,-1.52429,2.45685,-1.6088,-0.00935
1620451782223115627,sensor1,1,-146.28934,20.8243,-0.7575,24.8176,-1.52429,2.45685,-1.6088,-0.00935
1620451782224298927,sensor2,1,-146.28934,20.8243,-0.7575,24.8176,-1.52429,2.45685,-1.6088,-0.00935
1620451782239088814,sensor1,1,-146.28934,20.8243,-0.7575,24.8176,-1.52429,2.45685,-1.6088,-0.00935
1620451782240350959,sensor2,1,-146.28934,20.8243,-0.7575,24.8176,-1.52429,2.45685,-1.6088,-0.00935
1620451782255100746,sensor1,1,-146.28934,20.8243,-0.7575,24.8176,-1.52429,2.45685,-1.6088,-0.00935
1620451782256427834,sensor2,1,-146.28934,20.8243,-0.7575,24.8176,-1.52429,2.45685,-1.6088,-0.00935
1620451782269965060,sensor1,1,-146.35483,22.86059,-0.84184,25.01844,-1.03251,2.45876,-1.60935,-0.005
1620451782271094853,sensor2,1,-146.35483,22.86059,-0.84184,25.01844,-1.03251,2.45876,-1.60935,-0.005
1620451782285898481,sensor1,1,-146.35483,22.86059,-0.84184,25.01844,-1.03251,2.45876,-1.60935,-0.005
1620451782286692469,sensor2,1,-146.35483,22.86059,-0.84184,25.01844,-1.03251,2.45876,-1.60935,-0.005
1620451782301869364,sensor1,1,-146.35483,22.86059,-0.84184,25.01844,-1.03251,2.45876,-1.60935,-0.005
1620451782302698212,sensor2,1,-146.35483,22.86059,-0.84184,25.01844,-1.03251,2.45876,-1.60935,-0.005
1620451782317842275,sensor1,1,-146.35483,22.86059,-0.84184,25.01844,-1.03251,2.45876,-1.60935,-0.005
1620451782318641422,sensor2,1,-146.35483,22.86059,-0.84184,25.01844,-1.03251,2.45876,-1.60935,-0.005
1620451782333829345,sensor1,1,-146.35483,22.86059,-0.84184,25.01844,-1.03251,2.45876,-1.60935,-0.005
1620451782334579893,sensor2,1,-146.35483,22.86059,-0.84184,25.01844,-1.03251,2.45876,-1.60935,-0.005
1620451782349949610,sensor1,1,-146.35483,22.86059,-0.84184,25.01844,-1.03251,2.45876,-1.60935,-0.005
1620451782351503112,sensor2,1,-146.44038,25.33872,-0.91439,25.25959,-0.7365,2.44807,-1.60968,-0.00202
1620451782365869880,sensor1,1,-146.44038,25.33872,-0.91439,25.25959,-0.7365,2.44807,-1.60968,-0.00202
1620451782366689827,sensor2,1,-146.44038,25.33872,-0.91439,25.25959,-0.7365,2.44807,-1.60968,-0.00202
1620451782381901799,sensor1,1,-146.44038,25.33872,-0.91439,25.25959,-0.7365,2.44807,-1.60968,-0.00202
1620451782382760184,sensor2,1,-146.44038,25.33872,-0.91439,25.25959,-0.7365,2.44807,-1.60968,-0.00202
1620451782397837867,sensor1,1,-146.44038,25.33872,-0.91439,25.25959,-0.7365,2.44807,-1.60968,-0.00202
1620451782398636495,sensor2,1,-146.44038,25.33872,-0.91439,25.25959,-0.7365,2.44807,-1.60968,-0.00202
1620451782417564785,sensor1,1,-146.44038,25.33872,-0.91439,25.25959,-0.7365,2.44807,-1.60968,-0.00202
1620451782418517090,sensor2,1,-146.44038,25.33872,-0.91439,25.25959,-0.7365,2.44807,-1.60968,-0.00202
1620451782429990267,sensor1,1,-146.44038,25.33872,-0.91439,25.25959,-0.7365,2.44807,-1.60968,-0.00202
1620451782431071126,sensor2,1,-146.44038,25.33872,-0.91439,25.25959,-0.7365,2.44807,-1.60968,-0.00202
1620451782445874387,sensor1,1,-146.5255,27.64898,-0.95322,25.48173,-0.4265,2.44004,-1.6098,-0.00076
1620451782446657901,sensor2,1,-146.5255,27.64898,-0.95322,25.48173,-0.4265,2.44004,-1.6098,-0.00076
1620451782462031755,sensor1,1,-146.5255,27.64898,-0.95322,25.48173,-0.4265,2.44004,-1.6098,-0.00076
1620451782463551872,sensor2,1,-146.5255,27.64898,-0.95322,25.48173,-0.4265,2.44004,-1.6098,-0.00076
1620451782478005619,sensor1,1,-146.5255,27.64898,-0.95322,25.48173,-0.4265,2.44004,-1.6098,-0.00076
1620451782479407171,sensor2,1,-146.5255,27.64898,-0.95322,25.48173,-0.4265,2.44004,-1.6098,-0.00076
1620451782493965946,sensor1,1,-146.5255,27.64898,-0.95322,25.48173,-0.4265,2.44004,-1.6098,-0.00076
1620451782494825847,sensor2,1,-146.5255,27.64898,-0.95322,25.48173,-0.4265,2.44004,-1.6098,-0.00076
1620451782510645475,sensor1,1,-146.60374,29.72024,-0.97649,25.67872,-0.28748,2.43334,-1.60986,-0.00066
1620451782512939042,sensor2,1,-146.60374,29.72024,-0.97649,25.67872,-0.28748,2.43334,-1.60986,-0.00066
1620451782525847105,sensor1,1,-146.60374,29.72024,-0.97649,25.67872,-0.28748,2.43334,-1.60986,-0.00066
1620451782526642244,sensor2,1,-146.60374,29.72024,-0.97649,25.67872,-0.28748,2.43334,-1.60986,-0.00066
1620451782541855961,sensor1,1,-146.60374,29.72024,-0.97649,25.67872,-0.28748,2.43334,-1.60986,-0.00066
1620451782542671401,sensor2,1,-146.60374,29.72024,-0.97649,25.67872,-0.28748,2.43334,-1.60986,-0.00066
1620451782557848376,sensor1,1,-146.60374,29.72024,-0.97649,25.67872,-0.28748,2.43334,-1.60986,-0.00066
1620451782558605013,sensor2,1,-146.60374,29.72024,-0.97649,25.67872,-0.28748,2.43334,-1.60986,-0.00066
1620451782573972727,sensor1,1,-146.60374,29.72024,-0.97649,25.67872,-0.28748,2.43334,-1.60986,-0.00066
1620451782575246416,sensor2,1,-146.60374,29.72024,-0.97649,25.67872,-0.28748,2.43334,-1.60986,-0.00066
1620451782590003414,sensor1,1,-146.60374,29.72024,-0.97649,25.67872,-0.28748,2.43334,-1.60986,-0.00066
1620451782591374720,sensor2,1,-146.60374,29.72024,-0.97649,25.67872,-0.28748,2.43334,-1.60986,-0.00066
1620451782605865114,sensor1,1,-146.68066,31.71344,-0.98975,25.86455,-0.17159,2.40426,-1.6099,-0.0005
1620451782606659527,sensor2,1,-146.68066,31.71344,-0.98975,25.86455,-0.17159,2.40426,-1.6099,-0.0005
1620451782621917360,sensor1,1,-146.68066,31.71344,-0.98975,25.86455,-0.17159,2.40426,-1.6099,-0.0005
1620451782622815012,sensor2,1,-146.68066,31.71344,-0.98975,25.86455,-0.17159,2.40426,-1.6099,-0.0005
1620451782637831705,sensor1,1,-146.68066,31.71344,-0.98975,25.86455,-0.17159,2.40426,-1.6099,-0.0005
1620451782638639267,sensor2,1,-146.68066,31.71344,-0.98975,25.86455,-0.17159,2.40426,-1.6099,-0.0005
1620451782660244251,sensor1,1,-146.68066,31.71344,-0.98975,25.86455,-0.17159,2.40426,-1.6099,-0.0005
1620451782661078663,sensor2,1,-146.68066,31.71344,-0.98975,25.86455,-0.17159,2.40426,-1.6099,-0.0005
1620451782670381819,sensor1,1,-146.76508,33.90722,-1.00614,26.06764,-0.19403,2.40492,-1.60993,-0.00029
1620451782671898218,sensor2,1,-146.76508,33.90722,-1.00614,26.06764,-0.19403,2.40492,-1.60993,-0.00029
1620451782685872388,sensor1,1,-146.76508,33.90722,-1.00614,26.06764,-0.19403,2.40492,-1.60993,-0.00029
1620451782686684208,sensor2,1,-146.76508,33.90722,-1.00614,26.06764,-0.19403,2.40492,-1.60993,-0.00029
1620451782701854156,sensor1,1,-146.76508,33.90722,-1.00614,26.06764,-0.19403,2.40492,-1.60993,-0.00029
1620451782702670609,sensor2,1,-146.76508,33.90722,-1.00614,26.06764,-0.19403,2.40492,-1.60993,-0.00029
1620451782718296610,sensor1,1,-146.76508,33.90722,-1.00614,26.06764,-0.19403,2.40492,-1.60993,-0.00029
1620451782720513013,sensor2,1,-146.76508,33.90722,-1.00614,26.06764,-0.19403,2.40492,-1.60993,-0.00029
1620451782733987567,sensor1,1,-146.76508,33.90722,-1.00614,26.06764,-0.19403,2.40492,-1.60993,-0.00029
1620451782735046445,sensor2,1,-146.76508,33.90722,-1.00614,26.06764,-0.19403,2.40492,-1.60993,-0.00029
1620451782750054344,sensor1,1,-146.84044,35.85504,-1.0185,26.24559,-0.16604,2.39071,-1.60994,-0.00016
1620451782751579959,sensor2,1,-146.84044,35.85504,-1.0185,26.24559,-0.16604,2.39071,-1.60994,-0.00016
1620451782766015818,sensor1,1,-146.84044,35.85504,-1.0185,26.24559,-0.16604,2.39071,-1.60994,-0.00016
1620451782767534012,sensor2,1,-146.84044,35.85504,-1.0185,26.24559,-0.16604,2.39071,-1.60994,-0.00016
1620451782781997089,sensor1,1,-146.84044,35.85504,-1.0185,26.24559,-0.16604,2.39071,-1.60994,-0.00016
1620451782783482715,sensor2,1,-146.84044,35.85504,-1.0185,26.24559,-0.16604,2.39071,-1.60994,-0.00016
1620451782797817036,sensor1,1,-146.84044,35.85504,-1.0185,26.24559,-0.16604,2.39071,-1.60994,-0.00016
1620451782798632116,sensor2,1,-146.84044,35.85504,-1.0185,26.24559,-0.16604,2.39071,-1.60994,-0.00016
1620451782813855406,sensor1,1,-146.84044,35.85504,-1.0185,26.24559,-0.16604,2.39071,-1.60994,-0.00016
1620451782814676715,sensor2,1,-146.84044,35.85504,-1.0185,26.24559,-0.16604,2.39071,-1.60994,-0.00016
1620451782830156819,sensor1,1,-146.92044,37.91354,-1.02949,26.43133,-0.14069,2.3776,-1.60995,-9e-05
1620451782831592904,sensor2,1,-146.92044,37.91354,-1.02949,26.43133,-0.14069,2.3776,-1.60995,-9e-05
1620451782845844923,sensor1,1,-146.92044,37.91354,-1.02949,26.43133,-0.14069,2.3776,-1.60995,-9e-05
1620451782846684093,sensor2,1,-146.92044,37.91354,-1.02949,26.43133,-0.14069,2.3776,-1.60995,-9e-05
1620451782861872077,sensor1,1,-146.92044,37.91354,-1.02949,26.43133,-0.14069,2.3776,-1.60995,-9e-05
1620451782862671392,sensor2,1,-146.92044,37.91354,-1.02949,26.43133,-0.14069,2.3776,-1.60995,-9e-05
1620451782881657641,sensor1,1,-146.92044,37.91354,-1.02949,26.43133,-0.14069,2.3776,-1.60995,-9e-05
1620451782882755734,sensor2,1,-146.92044,37.91354,-1.02949,26.43133,-0.14069,2.3776,-1.60995,-9e-05
1620451782893840999,sensor1,1,-146.92044,37.91354,-1.02949,26.43133,-0.14069,2.3776,-1.60995,-9e-05
1620451782894640888,sensor2,1,-146.92044,37.91354,-1.02949,26.43133,-0.14069,2.3776,-1.60995,-9e-05
1620451782910034294,sensor1,1,-147.00417,40.0611,-1.0394,26.62264,-0.12249,2.36404,-1.60996,-5e-05
1620451782911320373,sensor2,1,-147.00417,40.0611,-1.0394,26.62264,-0.12249,2.36404,-1.60996,-5e-05
1620451782925993564,sensor1,1,-147.00417,40.0611,-1.0394,26.62264,-0.12249,2.36404,-1.60996,-5e-05
1620451782927269509,sensor2,1,-147.00417,40.0611,-1.0394,26.62264,-0.12249,2.36404,-1.60996,-5e-05
1620451782942013273,sensor1,1,-147.00417,40.0611,-1.0394,26.62264,-0.12249,2.36404,-1.60996,-5e-05
1620451782943404200,sensor2,1,-147.00417,40.0611,-1.0394,26.62264,-0.12249,2.36404,-1.60996,-5e-05
1620451782958163664,sensor1,1,-147.00417,40.0611,-1.0394,26.62264,-0.12249,2.36404,-1.60996,-5e-05
1620451782960153405,sensor2,1,-147.00417,40.0611,-1.0394,26.62264,-0.12249,2.36404,-1.60996,-5e-05
1620451782973980179,sensor1,1,-147.00417,40.0611,-1.0394,26.62264,-0.12249,2.36404,-1.60996,-5e-05
1620451782975370624,sensor2,1,-147.00417,40.0611,-1.0394,26.62264,-0.12249,2.36404,-1.60996,-5e-05
1620451782989867928,sensor1,1,-147.08176,42.0474,-1.04765,26.79742,-0.11101,2.35131,-1.60996,-2e-05
1620451782990691549,sensor2,1,-147.08176,42.0474,-1.04765,26.79742,-0.11101,2.35131,-1.60996,-2e-05
1620451783005889332,sensor1,1,-147.08176,42.0474,-1.04765,26.79742,-0.11101,2.35131,-1.60996,-2e-05
1620451783006708861,sensor2,1,-147.08176,42.0474,-1.04765,26.79742,-0.11101,2.35131,-1.60996,-2e-05
1620451783021852594,sensor1,1,-147.08176,42.0474,-1.04765,26.79742,-0.11101,2.35131,-1.60996,-2e-05
1620451783022662368,sensor2,1,-147.08176,42.0474,-1.04765,26.79742,-0.11101,2.35131,-1.60996,-2e-05
1620451783041424444,sensor1,1,-147.08176,42.0474,-1.04765,26.79742,-0.11101,2.35131,-1.60996,-2e-05
1620451783042372543,sensor2,1,-147.08176,42.0474,-1.04765,26.79742,-0.11101,2.35131,-1.60996,-2e-05
1620451783053813591,sensor1,1,-147.08176,42.0474,-1.04765,26.79742,-0.11101,2.35131,-1.60996,-2e-05
1620451783054578823,sensor2,1,-147.08176,42.0474,-1.04765,26.79742,-0.11101,2.35131,-1.60996,-2e-05
1620451783069908851,sensor1,1,-147.16953,44.2911,-1.05627,26.99242,-0.10338,2.33835,-1.60996,-1e-05
1620451783070784404,sensor2,1,-147.16953,44.2911,-1.05627,26.99242,-0.10338,2.33835,-1.60996,-1e-05
1620451783085858656,sensor1,1,-147.16953,44.2911,-1.05627,26.99242,-0.10338,2.33835,-1.60996,-1e-05
1620451783086692500,sensor2,1,-147.16953,44.2911,-1.05627,26.99242,-0.10338,2.33835,-1.60996,-1e-05
1620451783101921931,sensor1,1,-147.16953,44.2911,-1.05627,26.99242,-0.10338,2.33835,-1.60996,-1e-05
1620451783102830243,sensor2,1,-147.16953,44.2911,-1.05627,26.99242,-0.10338,2.33835,-1.60996,-1e-05
1620451783117851634,sensor1,1,-147.16953,44.2911,-1.05627,26.99242,-0.10338,2.33835,-1.60996,-1e-05
1620451783118703602,sensor2,1,-147.16953,44.2911,-1.05627,26.99242,-0.10338,2.33835,-1.60996,-1e-05
1620451783133849107,sensor1,1,-147.16953,44.2911,-1.05627,26.99242,-0.10338,2.33835,-1.60996,-1e-05
1620451783134665909,sensor2,1,-147.16953,44.2911,-1.05627,26.99242,-0.10338,2.33835,-1.60996,-1e-05
1620451783150096709,sensor1,1,-147.2522,46.40338,-1.06393,27.17372,-0.09825,2.3256,-1.60996,0.0
1620451783151081924,sensor2,1,-147.2522,46.40338,-1.06393,27.17372,-0.09825,2.3256,-1.60996,0.0
1620451783165843965,sensor1,1,-147.2522,46.40338,-1.06393,27.17372,-0.09825,2.3256,-1.60996,0.0
1620451783166652998,sensor2,1,-147.2522,46.40338,-1.06393,27.17372,-0.09825,2.3256,-1.60996,0.0
1620451783182901607,sensor1,1,-147.2522,46.40338,-1.06393,27.17372,-0.09825,2.3256,-1.60996,0.0
1620451783183938812,sensor2,1,-147.2522,46.40338,-1.06393,27.17372,-0.09825,2.3256,-1.60996,0.0
1620451783198899973,sensor1,1,-147.2522,46.40338,-1.06393,27.17372,-0.09825,2.3256,-1.60996,0.0
1620451783199876324,sensor2,1,-147.2522,46.40338,-1.06393,27.17372,-0.09825,2.3256,-1.60996,0.0
1620451783214916096,sensor1,1,-147.2522,46.40338,-1.06393,27.17372,-0.09825,2.3256,-1.60996,0.0
1620451783216087656,sensor2,1,-147.2522,46.40338,-1.06393,27.17372,-0.09825,2.3256,-1.60996,0.0
1620451783231419407,sensor1,1,-147.34065,48.66196,-1.07179,27.36522,-0.09492,2.31295,-1.60996,1e-05
1620451783233381980,sensor2,1,-147.34065,48.66196,-1.07179,27.36522,-0.09492,2.31295,-1.60996,1e-05
1620451783246890982,sensor1,1,-147.34065,48.66196,-1.07179,27.36522,-0.09492,2.31295,-1.60996,1e-05
1620451783247879440,sensor2,1,-147.34065,48.66196,-1.07179,27.36522,-0.09492,2.31295,-1.60996,1e-05
1620451783261948494,sensor1,1,-147.34065,48.66196,-1.07179,27.36522,-0.09492,2.31295,-1.60996,1e-05
1620451783263183139,sensor2,1,-147.34065,48.66196,-1.07179,27.36522,-0.09492,2.31295,-1.60996,1e-05
1620451783278615549,sensor1,1,-147.34065,48.66196,-1.07179,27.36522,-0.09492,2.31295,-1.60996,1e-05
1620451783280626438,sensor2,1,-147.34065,48.66196,-1.07179,27.36522,-0.09492,2.31295,-1.60996,1e-05
1620451783293834940,sensor1,1,-147.34065,48.66196,-1.07179,27.36522,-0.09492,2.31295,-1.60996,1e-05
1620451783294618500,sensor2,1,-147.34065,48.66196,-1.07179,27.36522,-0.09492,2.31295,-1.60996,1e-05
1620451783310363739,sensor1,1,-147.43164,50.985,-1.07962,27.5597,-0.09262,2.29996,-1.60996,1e-05
1620451783311530462,sensor2,1,-147.43164,50.985,-1.07962,27.5597,-0.09262,2.29996,-1.60996,1e-05
1620451783325862427,sensor1,1,-147.43164,50.985,-1.07962,27.5597,-0.09262,2.29996,-1.60996,1e-05
1620451783326734498,sensor2,1,-147.43164,50.985,-1.07962,27.5597,-0.09262,2.29996,-1.60996,1e-05
1620451783341943816,sensor1,1,-147.43164,50.985,-1.07962,27.5597,-0.09262,2.29996,-1.60996,1e-05
1620451783343247772,sensor2,1,-147.43164,50.985,-1.07962,27.5597,-0.09262,2.29996,-1.60996,1e-05
1620451783357846342,sensor1,1,-147.43164,50.985,-1.07962,27.5597,-0.09262,2.29996,-1.60996,1e-05
1620451783358734363,sensor2,1,-147.43164,50.985,-1.07962,27.5597,-0.09262,2.29996,-1.60996,1e-05
1620451783377933097,sensor1,1,-147.43164,50.985,-1.07962,27.5597,-0.09262,2.29996,-1.60996,1e-05
1620451783379066804,sensor2,1,-147.43164,50.985,-1.07962,27.5597,-0.09262,2.29996,-1.60996,1e-05
1620451783389863706,sensor1,1,-147.43164,50.985,-1.07962,27.5597,-0.09262,2.29996,-1.60996,1e-05
1620451783390684642,sensor2,1,-147.43164,50.985,-1.07962,27.5597,-0.09262,2.29996,-1.60996,1e-05
1620451783405849301,sensor1,1,-147.5146,53.1027,-1.08659,27.73486,-0.09097,2.28769,-1.60996,1e-05
1620451783406816914,sensor2,1,-147.5146,53.1027,-1.08659,27.73486,-0.09097,2.28769,-1.60996,1e-05
1620451783422080478,sensor1,1,-147.5146,53.1027,-1.08659,27.73486,-0.09097,2.28769,-1.60996,1e-05
1620451783423304605,sensor2,1,-147.5146,53.1027,-1.08659,27.73486,-0.09097,2.28769,-1.60996,1e-05
1620451783437851921,sensor1,1,-147.5146,53.1027,-1.08659,27.73486,-0.09097,2.28769,-1.60996,1e-05
1620451783438722155,sensor2,1,-147.5146,53.1027,-1.08659,27.73486,-0.09097,2.28769,-1.60996,1e-05
1620451783453906566,sensor1,1,-147.5146,53.1027,-1.08659,27.73486,-0.09097,2.28769,-1.60996,1e-05
1620451783454946133,sensor2,1,-147.5146,53.1027,-1.08659,27.73486,-0.09097,2.28769,-1.60996,1e-05
1620451783469977124,sensor1,1,-147.5146,53.1027,-1.08659,27.73486,-0.09097,2.28769,-1.60996,1e-05
1620451783471495699,sensor2,1,-147.6134,55.62444,-1.09471,27.94089,-0.08972,2.27527,-1.60996,1e-05
1620451783485853571,sensor1,1,-147.6134,55.62444,-1.09471,27.94089,-0.08972,2.27527,-1.60996,1e-05
1620451783486765854,sensor2,1,-147.6134,55.62444,-1.09471,27.94089,-0.08972,2.27527,-1.60996,1e-05
1620451783501868021,sensor1,1,-147.6134,55.62444,-1.09471,27.94089,-0.08972,2.27527,-1.60996,1e-05
1620451783502730610,sensor2,1,-147.6134,55.62444,-1.09471,27.94089,-0.08972,2.27527,-1.60996,1e-05
1620451783518025858,sensor1,1,-147.6134,55.62444,-1.09471,27.94089,-0.08972,2.27527,-1.60996,1e-05
1620451783519915356,sensor2,1,-147.6134,55.62444,-1.09471,27.94089,-0.08972,2.27527,-1.60996,1e-05
1620451783533855404,sensor1,1,-147.6134,55.62444,-1.09471,27.94089,-0.08972,2.27527,-1.60996,1e-05
1620451783534745928,sensor2,1,-147.6134,55.62444,-1.09471,27.94089,-0.08972,2.27527,-1.60996,1e-05
1620451783550238986,sensor1,1,-147.69496,57.70627,-1.10131,28.10894,-0.0888,2.2631,-1.60996,1e-05
1620451783551718657,sensor2,1,-147.69496,57.70627,-1.10131,28.10894,-0.0888,2.2631,-1.60996,1e-05
1620451783565925314,sensor1,1,-147.69496,57.70627,-1.10131,28.10894,-0.0888,2.2631,-1.60996,1e-05
1620451783566720765,sensor2,1,-147.69496,57.70627,-1.10131,28.10894,-0.0888,2.2631,-1.60996,1e-05
1620451783581936942,sensor1,1,-147.69496,57.70627,-1.10131,28.10894,-0.0888,2.2631,-1.60996,1e-05
1620451783582787689,sensor2,1,-147.69496,57.70627,-1.10131,28.10894,-0.0888,2.2631,-1.60996,1e-05
1620451783601943760,sensor1,1,-147.69496,57.70627,-1.10131,28.10894,-0.0888,2.2631,-1.60996,1e-05
1620451783602859119,sensor2,1,-147.69496,57.70627,-1.10131,28.10894,-0.0888,2.2631,-1.60996,1e-05
1620451783613865120,sensor1,1,-147.69496,57.70627,-1.10131,28.10894,-0.0888,2.2631,-1.60996,1e-05
1620451783614675088,sensor2,1,-147.69496,57.70627,-1.10131,28.10894,-0.0888,2.2631,-1.60996,1e-05
1620451783629936694,sensor1,1,-147.77881,59.84647,-1.10799,28.27983,-0.08814,2.25213,-1.60995,1e-05
1620451783645868104,sensor1,1,-147.77881,59.84647,-1.10799,28.27983,-0.08814,2.25213,-1.60995,1e-05
1620451783661860091,sensor1,1,-147.77881,59.84647,-1.10799,28.27983,-0.08814,2.25213,-1.60995,1e-05
1620451783678394001,sensor1,1,-147.77881,59.84647,-1.10799,28.27983,-0.08814,2.25213,-1.60995,1e-05
1620451783693893924,sensor1,1,-147.77881,59.84647,-1.10799,28.27983,-0.08814,2.25213,-1.60995,1e-05
